0800400b
0600600b
0013a9a5
00010000
0200a10b
0201218b
20000093
0000410b
0020a023
0001410b
0020a223
0001c10b
0020a423
0030a623
0040a823
0050aa23
0060ac23
0070ae23
0280a023
0290a223
02a0a423
02b0a623
02c0a823
02d0aa23
02e0ac23
02f0ae23
0500a023
0510a223
0520a423
0530a623
0540a823
0550aa23
0560ac23
0570ae23
0780a023
0790a223
07a0a423
07b0a623
07c0a823
07d0aa23
07e0ac23
07f0ae23
48000113
20000513
0000c58b
7e8000ef
a10380aa
200b0000
a1030201
208b0040
a1030201
210b0080
a1830201
a20300c0
a2830100
a3030140
a3830180
a40301c0
a4830200
a5030240
a5830280
a60302c0
a6830300
a7030340
a7830380
a80303c0
a8830400
a9030440
a9830480
aa0304c0
aa830500
ab030540
ab830580
ac0305c0
ac830600
ad030640
ad830680
ae0306c0
ae830700
af030740
af830780
c08b07c0
410b0000
000b0001
00130400
00130000
00130000
00130000
00130000
00130000
00130000
00130000
00130000
00130000
00130000
00130000
00130000
00130000
00130000
00130000
00130000
00130000
00130000
00130000
00130000
00130000
00130000
00130000
00130000
00130000
00130000
00130000
00130000
00130000
00130000
00130000
00130000
00130000
00130000
00130000
00130000
00130000
00130000
00130000
00130000
00130000
00130000
00010000
00000000
00000000
00000000
00000000
00000000
00000000
00000000
00000000
00000000
00000000
00000000
00000000
00000000
00000000
00000000
00000000
00000000
00000000
00000000
00000000
00000000
00000000
00000000
00000000
00000000
00000000
00000000
00000000
00000000
00000000
00000000
00000000
00000000
00000000
00000000
00000000
00000000
00000000
00000000
00000000
00000000
00000000
00000000
00000000
00000000
00000000
00000000
00000000
00000000
00000000
00000000
00000000
00000000
00000000
00000000
00000000
00000000
00000000
00000000
00000000
00000000
00000000
00000000
00000000
00000000
00000000
00000000
00000000
00000000
00000000
00000000
00000000
00000000
00000000
00000000
00000000
00000000
00000000
00000000
00000000
00000000
00000000
00000000
00000000
00000000
00000000
00000000
00000000
00000000
00000000
00000000
00000000
00000000
00000000
00000000
00000000
00000000
00000000
00000000
00000000
00000000
00000000
00000000
00000000
00000000
00000000
00000000
00000000
00000000
00000000
00000000
00000000
00000000
00000000
00000000
00000000
00000000
00000000
00000000
00000000
00000000
00000000
00000000
00000000
00000000
00000000
00000000
00000000
00000000
00000000
00000000
00000000
00000000
00000000
00000000
00000000
00000000
00000000
00000000
00000000
00000000
00000000
00000000
00000000
00000000
00000000
00000000
00000000
00000000
00000000
00000000
00000000
00000000
00000000
00000000
00000000
00000000
00000000
00000000
00000000
41014081
42014181
43014281
44014381
45014481
46014581
47014681
48014781
49014881
4a014981
4b014a81
4c014b81
4d014c81
4e014d81
4f014e81
01374f81
00ef0002
00937000
e00b3e80
406f0a00
009335e0
e00b3e80
106f0a00
00934770
e00b3e80
306f0a00
00934aa0
e00b3e80
306f0a00
009355a0
e00b3e80
306f0a00
00936260
e00b3e80
106f0a00
00935130
e00b3e80
206f0a00
00936770
e00b3e80
206f0a00
00937b20
e00b3e80
206f0a00
009302e0
e00b3e80
206f0a00
00932db0
e00b3e80
206f0a00
00933b60
e00b3e80
306f0a00
00937560
e00b3e80
306f0a00
00934e30
e00b3e80
406f0a00
00933a20
e00b3e80
306f0a00
00931ff0
e00b3e80
306f0a00
00937ab0
e00b3e80
606f0a00
00936120
e00b3e80
606f0a00
009327b0
e00b3e80
906f0a00
00930fb0
e00b3e80
106f0a00
00931160
e00b3e80
706f0a00
00935df0
e00b3e80
a06f0a00
009331a0
e00b3e80
606f0a00
00930b20
e00b3e80
106f0a00
009312b0
e00b3e80
706f0a00
009355e0
e00b3e80
906f0a00
009302e0
e00b3e80
806f0a00
00936aa0
e00b3e80
006f0a00
00933570
e00b3e80
906f0a00
00933420
e00b3e80
606f0a00
00937370
e00b3e80
706f0a00
009301f0
e00b3e80
906f0a00
00935630
e00b3e80
806f0a00
009319f0
e00b3e80
806f0a00
009303a0
e00b3e80
506f0a00
00932df0
e00b3e80
106f0a00
00933620
e00b3e80
406f0a00
00932e30
e00b3e80
506f0a00
00930220
e00b3e80
506f0a00
00935620
e00b3e80
406f0a00
00935760
e00b3e80
306f0a00
00930220
e00b3e80
306f0a00
00931720
e00b3e80
606f0a00
009321e0
e00b3e80
606f0a00
009336e0
e00b3e80
606f0a00
013762f0
c1b70002
8193dead
820eeef1
576000ef
684000ef
1e7000ef
10000537
04400593
04f00613
04e00693
04500713
c10c47a9
c114c110
c11cc118
20000537
075bd5b7
d1558593
9002c10c
02b50533
15338082
808202b5
02b52533
35338082
808202b5
02b54533
55338082
808202b5
02b56533
75338082
808202b5
00000000
00000000
00000000
00000000
00000000
00000000
00000000
00000000
00000000
00000000
00000000
00000000
00000000
00000000
00000000
00000000
00000000
00000000
00000000
00000000
00000000
00000000
00000000
00000000
00000000
00000000
00000000
00000000
00000000
00000000
00000000
00000000
00000000
00000000
00000000
00000000
00000000
00000000
00000000
00000000
00000000
00000000
00000000
00000000
00000000
00000000
00000000
00000000
00000000
00000000
00000000
00000000
00000000
00000000
00000000
00000000
00000000
00000000
00000000
00000000
00000000
00000000
00000000
00000000
00000000
00000000
00000000
00000000
00000000
00000000
00000000
00000000
00000000
00000000
00000000
00000000
00000000
00000000
00000000
00000000
dc227139
d64ed84a
da26de06
d256d452
ce5ed05a
ca66cc62
c66ec86a
0065f993
842e892a
06098563
76934118
07930017
c299ffc7
ffd70793
0007d483
f613470d
16630034
d78300e6
07c20027
fa138cdd
07930034
37b3ffda
8a6300f0
653102d7
db050513
25032c2d
45a10009
65312c51
dec50513
478d242d
036345a1
459100fa
2cbd8526
05136531
2c11da45
77939002
c7990104
27836731
07850087
00f72423
02047793
6731c799
00472783
22230785
779300f7
c7990014
27836731
07850007
00f72023
12098963
00092783
0017f713
ffc78a13
8a13c319
5983ffd7
478d000a
0039f713
00f71763
002a5783
e9b307c2
64b100f9
da448513
6b31225d
df8b0513
77932a79
c78d0024
001007b7
07378793
00f98663
078967a5
0ef99f63
05136531
2ab5e385
855245a1
85132ae1
2a85da44
c8058811
05136531
2295e785
855245a1
653122c1
e7050513
f7932a99
470d0039
93634591
45a100e7
225d854e
da448513
6ab12a3d
4c254a01
4d754ccd
da8a8a93
84526db1
4b8d4981
0c041363
e98d8513
17932a39
97ca0024
45a14388
85562a95
01799463
da448513
09852219
04214791
fcf99ce3
47a10a05
fcfa15e3
df8b0513
653120fd
ea050513
67b120dd
0087a503
851328c5
28e1da44
05136531
28c1ec85
a50367b1
28e90047
da448513
653120c9
ef050513
67b1286d
0007a503
851320d1
2075da44
50f29002
54d25462
5a2259b2
5b025a92
4c624bf2
4d424cd2
854a4db2
61215942
65318082
e5450513
45a12049
28f98552
05136531
2895e705
0039f793
4591470d
00e79363
854e45a1
0513b5f5
4f630780
2881008c
03040513
0ff57513
05132099
20810200
02000513
b715282d
008ccb63
0513280d
20350310
02640513
0ff57513
4963b7cd
2831008d
03200513
05132819
b7ed01c4
05132039
20210330
01240513
07b7bff1
c3881000
07378082
47831000
e3910005
05058082
bfd5c31c
cc221101
ca260040
ce06c84a
892284aa
0263e09d
07370324
47831000
147dfff4
03078793
1ae3c31c
40f2ff24
44d24462
61054942
45a98082
b0ef8526
00231820
45a900a4
b0ef8526
040512e0
b7c984aa
673115fd
0713058a
06b7f107
d3631000
80820005
00b557b3
97ba8bbd
0007c783
c29c15f1
6531b7ed
f2450513
1141bf8d
c226c422
47a5c606
84ae842a
00a7c663
05136531
3fa1f345
379d8522
ff640793
78634725
45a906f7
b0ef8522
47891460
04f50963
0a63478d
478504f5
04f51b63
05136531
3725f385
05136531
3705f485
373d8526
05136531
3f11f545
a70366b1
40b20ac6
00571793
8fa197ba
00579713
97ba4422
0097c5b3
0ab6a623
01414492
65318082
f3c50513
6531bf7d
f4050513
6531bf5d
f4450513
7179b77d
d4226785
50578793
64314505
d2264589
ce4ed04a
ca56cc52
d606c85a
2623c65e
69b10af4
490d3f3d
45094481
0b098993
0b134a05
0a930820
d7130400
070a4054
4318974e
009a17b3
e3b18ff9
0b9385ca
3f010015
00191693
0016f793
8613c795
5713ffd6
973201f6
41638705
579302db
f79341f6
97b203f7
078a8799
439097ce
00ea1733
c3988f51
b7f996ca
0485855e
94e30909
6531fb54
f5850513
25033d1d
45a10ac4
27033d41
a7b70ac4
87931772
106348f7
542202f7
549250b2
49f25902
4ad24a62
4bb24b42
05136531
6145f645
6531b509
f6c50513
90023bed
542250b2
59025492
4a6249f2
4b424ad2
61454bb2
66b18082
0e46a783
00d79713
57938f3d
8fb90117
00579513
a2238d3d
80820ea6
c8ca711d
de5ec6ce
d86adc62
ce86d66e
caa6cca2
c2d6c4d2
da66c0da
6bb14981
6c316db1
6d316931
842a3f6d
47893f5d
8b6384aa
c36314f9
8c631537
44811409
d7934401
851341f4
c63ef74b
45a13b9d
41f45513
85133bc1
33a5f80d
852245a1
051333d1
3bb1f84c
d51345a1
3b5d41f4
f80d8513
45a133b9
336d8526
3b354529
05136531
3b35f885
852285a6
929ff0ef
ce2a45a1
05133b41
3325f949
852285a6
91bff0ef
cc2a45a1
05133bb5
3b11f949
852285a6
90dff0ef
ca2a45a1
051333a5
3301f949
852285a6
8ffff0ef
8caa45a1
45293b91
653131dd
f9850513
85a631dd
a0ef8522
45a15cf0
3b2dc82a
f9490513
862639c9
41f4d693
55938522
a0ef41f4
8b2e5d70
45a1855a
05133b31
3955f949
46818626
55938522
a0ef41f4
8aae5bb0
45a18556
05133301
3961f949
46818626
45818522
5a10a0ef
85528a2e
31dd45a1
f9490513
484239bd
47d248f2
86634762
65310508
fa450513
c6bff0ef
40f69002
44d64466
49b64946
4a964a26
5bf24b06
5cd25c62
5db25d42
80826125
92e3478d
0406ecf9
a0218005
800007b7
44818c5d
54fdbd4d
80000437
1ce3b56d
9ae3fb67
98e3fb57
0513fb4c
f0eff64d
6531c19f
fac50513
c0fff0ef
852285a6
811ff0ef
8caa45a1
c61ff0ef
f9490513
bf7ff0ef
852285a6
ffeff0ef
c82a45a1
c49ff0ef
f9490513
bdfff0ef
852285a6
fecff0ef
ca2a45a1
c31ff0ef
f9490513
bc7ff0ef
852285a6
fdaff0ef
cc2a45a1
c19ff0ef
f0ef4529
6531ba9f
fb850513
ba7ff0ef
c8895b7d
862646b2
55938522
90ef41f4
8b2a3a70
855a45a1
bedff0ef
f9490513
b83ff0ef
c8815afd
46818626
45818522
44c0a0ef
45a18aaa
f0ef8556
0513bcbf
f0eff949
8a22b61f
46b2c889
85228626
41f45593
7d9090ef
85528a2a
f0ef45a1
0513ba7f
f0eff949
c881b3df
86268522
45814681
0390a0ef
8522842a
f0ef45a1
0513b87f
f0eff949
14e3b1df
47c2eb9b
eafa91e3
1ee347d2
47e2e8fa
e8f41be3
f64d0513
affff0ef
47bd0985
d4f99ee3
7139b579
d84adc22
da26de06
d452d64e
842ad256
0793892e
e2190300
02000793
fa13898a
8ace0ff7
e00584ce
05204163
02000413
03549f63
546250f2
594254d2
5a2259b2
61215a92
45a98082
a0ef8522
05134730
75130305
80230ff5
45a900a9
a0ef8522
842a4170
0985197d
8552bf75
c783b7ed
9a63fff4
c7830087
9663ffe4
07930087
8fa302e0
c503fef4
14fdfff4
a5bff0ef
1141b745
c422c606
2473c226
24f3c000
6531c020
fc450513
a47ff0ef
45a14601
37b18522
05136531
f0effdc5
4601a35f
852645a1
65313f2d
ff450513
a23ff0ef
852285a6
3a10a0ef
45814601
6531370d
ffc50513
a0bff0ef
00141513
050e9522
85a69522
a0ef050a
059337f0
a0ef0640
46053bf0
3de54589
40b24422
65314492
da450513
f06f0141
00009d9f
00001537
18850513
10000637
00050583
00058a63
00b62023
00150513
ff1ff06f
00646461
02e00593
00b62023
00b62023
00000093
00000113
002081b3
00000e93
00200e13
4dd19663
00100093
00100113
002081b3
00200e93
00300e13
4bd19a63
00300093
00700113
002081b3
00a00e93
00400e13
49d19e63
00000093
ffff8137
002081b3
ffff8eb7
00500e13
49d19263
800000b7
00000113
002081b3
80000eb7
00600e13
47d19663
800000b7
ffff8137
002081b3
7fff8eb7
00700e13
45d19a63
00000093
00008137
fff10113
002081b3
00008eb7
fffe8e93
00800e13
43d19a63
800000b7
fff08093
00000113
002081b3
80000eb7
fffe8e93
00900e13
41d19a63
800000b7
fff08093
00008137
fff10113
002081b3
80008eb7
ffee8e93
00a00e13
3fd19863
800000b7
00008137
fff10113
002081b3
80008eb7
fffe8e93
00b00e13
3dd19863
800000b7
fff08093
ffff8137
002081b3
7fff8eb7
fffe8e93
00c00e13
3bd19863
00000093
fff00113
002081b3
fff00e93
00d00e13
39d19c63
fff00093
00100113
002081b3
00000e93
00e00e13
39d19063
fff00093
fff00113
002081b3
ffe00e93
00f00e13
37d19463
00100093
80000137
fff10113
002081b3
80000eb7
01000e13
35d19663
00d00093
00b00113
002080b3
01800e93
01100e13
33d09a63
00e00093
00b00113
00208133
01900e93
01200e13
31d11e63
00d00093
001080b3
01a00e93
01300e13
31d09463
00000213
00d00093
00b00113
002081b3
00018313
00120213
00200293
fe5214e3
01800e93
01400e13
2dd31e63
00000213
00e00093
00b00113
002081b3
00000013
00018313
00120213
00200293
fe5212e3
01900e93
01500e13
2bd31663
00000213
00f00093
00b00113
002081b3
00000013
00000013
00018313
00120213
00200293
fe5210e3
01a00e93
01600e13
27d31c63
00000213
00d00093
00b00113
002081b3
00120213
00200293
fe5216e3
01800e93
01700e13
25d19863
00000213
00e00093
00b00113
00000013
002081b3
00120213
00200293
fe5214e3
01900e93
01800e13
23d19263
00000213
00f00093
00b00113
00000013
00000013
002081b3
00120213
00200293
fe5212e3
01a00e93
01900e13
1fd19a63
00000213
00d00093
00000013
00b00113
002081b3
00120213
00200293
fe5214e3
01800e93
01a00e13
1dd19463
00000213
00e00093
00000013
00b00113
00000013
002081b3
00120213
00200293
fe5212e3
01900e93
01b00e13
19d19c63
00000213
00f00093
00000013
00000013
00b00113
002081b3
00120213
00200293
fe5212e3
01a00e93
01c00e13
17d19463
00000213
00b00113
00d00093
002081b3
00120213
00200293
fe5216e3
01800e93
01d00e13
15d19063
00000213
00b00113
00e00093
00000013
002081b3
00120213
00200293
fe5214e3
01900e93
01e00e13
11d19a63
00000213
00b00113
00f00093
00000013
00000013
002081b3
00120213
00200293
fe5212e3
01a00e93
01f00e13
0fd19263
00000213
00b00113
00000013
00d00093
002081b3
00120213
00200293
fe5214e3
01800e93
02000e13
0bd19c63
00000213
00b00113
00000013
00e00093
00000013
002081b3
00120213
00200293
fe5212e3
01900e93
02100e13
09d19463
00000213
00b00113
00000013
00000013
00f00093
002081b3
00120213
00200293
fe5212e3
01a00e93
02200e13
05d19c63
00f00093
00100133
00f00e93
02300e13
05d11263
02000093
00008133
02000e93
02400e13
03d11863
000000b3
00000e93
02500e13
03d09063
01000093
01e00113
00208033
00000e93
02600e13
01d01463
03c01a63
10000537
04500593
05200613
04f00693
00a00713
00b52023
00c52023
00c52023
00d52023
00c52023
00e52023
00100073
10000537
04f00593
04b00613
00a00693
00b52023
00c52023
00d52023
f53fe06f
00001537
6e850513
10000637
00050583
00058c63
00b62023
00150513
ff1ff06f
69646461
00000000
02e00593
00b62023
00b62023
00000093
00008193
00000e93
00200e13
27d19c63
00100093
00108193
00200e93
00300e13
27d19263
00300093
00708193
00a00e93
00400e13
25d19863
00000093
80008193
80000e93
00500e13
23d19e63
800000b7
00008193
80000eb7
00600e13
23d19463
800000b7
80008193
80000eb7
800e8e93
00700e13
21d19863
00000093
7ff08193
7ff00e93
00800e13
1fd19e63
800000b7
fff08093
00008193
80000eb7
fffe8e93
00900e13
1fd19063
800000b7
fff08093
7ff08193
80000eb7
7fee8e93
00a00e13
1dd19263
800000b7
7ff08193
80000eb7
7ffe8e93
00b00e13
1bd19663
800000b7
fff08093
80008193
7ffffeb7
7ffe8e93
00c00e13
19d19863
00000093
fff08193
fff00e93
00d00e13
17d19e63
fff00093
00108193
00000e93
00e00e13
17d19463
fff00093
fff08193
ffe00e93
00f00e13
15d19a63
800000b7
fff08093
00108193
80000eb7
01000e13
13d19e63
00d00093
00b08093
01800e93
01100e13
13d09463
00000213
00d00093
00b08193
00018313
00120213
00200293
fe5216e3
01800e93
01200e13
11d31063
00000213
00d00093
00a08193
00000013
00018313
00120213
00200293
fe5214e3
01700e93
01300e13
0dd31a63
00000213
00d00093
00908193
00000013
00000013
00018313
00120213
00200293
fe5212e3
01600e93
01400e13
0bd31263
00000213
00d00093
00b08193
00120213
00200293
fe5218e3
01800e93
01500e13
09d19063
00000213
00d00093
00000013
00a08193
00120213
00200293
fe5216e3
01700e93
01600e13
05d19c63
00000213
00d00093
00000013
00000013
00908193
00120213
00200293
fe5214e3
01600e93
01700e13
03d19663
02000093
02000e93
01800e13
01d09e63
02100093
03208013
00000e93
01900e13
01d01463
03c01a63
10000537
04500593
05200613
04f00693
00a00713
00b52023
00c52023
00c52023
00d52023
00c52023
00e52023
00100073
10000537
04f00593
04b00613
00a00693
00b52023
00c52023
00d52023
be7fe06f
00002537
9f450513
10000637
00050583
00058a63
00b62023
00150513
ff1ff06f
00646e61
02e00593
00b62023
00b62023
ff0100b7
f0008093
0f0f1137
f0f10113
0020f1b3
0f001eb7
f00e8e93
00200e13
49d19c63
0ff010b7
ff008093
f0f0f137
0f010113
0020f1b3
00f00eb7
0f0e8e93
00300e13
47d19a63
00ff00b7
0ff08093
0f0f1137
f0f10113
0020f1b3
000f0eb7
00fe8e93
00400e13
45d19863
f00ff0b7
00f08093
f0f0f137
0f010113
0020f1b3
f000feb7
00500e13
43d19863
ff0100b7
f0008093
0f0f1137
f0f10113
0020f0b3
0f001eb7
f00e8e93
00600e13
41d09663
0ff010b7
ff008093
f0f0f137
0f010113
0020f133
00f00eb7
0f0e8e93
00700e13
3fd11463
ff0100b7
f0008093
0010f0b3
ff010eb7
f00e8e93
00800e13
3dd09663
00000213
ff0100b7
f0008093
0f0f1137
f0f10113
0020f1b3
00018313
00120213
00200293
fe5210e3
0f001eb7
f00e8e93
00900e13
39d31a63
00000213
0ff010b7
ff008093
f0f0f137
0f010113
0020f1b3
00000013
00018313
00120213
00200293
fc521ee3
00f00eb7
0f0e8e93
00a00e13
35d31c63
00000213
00ff00b7
0ff08093
0f0f1137
f0f10113
0020f1b3
00000013
00000013
00018313
00120213
00200293
fc521ce3
000f0eb7
00fe8e93
00b00e13
31d31c63
00000213
ff0100b7
f0008093
0f0f1137
f0f10113
0020f1b3
00120213
00200293
fe5212e3
0f001eb7
f00e8e93
00c00e13
2fd19263
00000213
0ff010b7
ff008093
f0f0f137
0f010113
00000013
0020f1b3
00120213
00200293
fe5210e3
00f00eb7
0f0e8e93
00d00e13
2bd19663
00000213
00ff00b7
0ff08093
0f0f1137
f0f10113
00000013
00000013
0020f1b3
00120213
00200293
fc521ee3
000f0eb7
00fe8e93
00e00e13
27d19863
00000213
ff0100b7
f0008093
00000013
0f0f1137
f0f10113
0020f1b3
00120213
00200293
fe5210e3
0f001eb7
f00e8e93
00f00e13
23d19c63
00000213
0ff010b7
ff008093
00000013
f0f0f137
0f010113
00000013
0020f1b3
00120213
00200293
fc521ee3
00f00eb7
0f0e8e93
01000e13
1fd19e63
00000213
00ff00b7
0ff08093
00000013
00000013
0f0f1137
f0f10113
0020f1b3
00120213
00200293
fc521ee3
000f0eb7
00fe8e93
01100e13
1dd19063
00000213
0f0f1137
f0f10113
ff0100b7
f0008093
0020f1b3
00120213
00200293
fe5212e3
0f001eb7
f00e8e93
01200e13
19d19663
00000213
f0f0f137
0f010113
0ff010b7
ff008093
00000013
0020f1b3
00120213
00200293
fe5210e3
00f00eb7
0f0e8e93
01300e13
15d19a63
00000213
0f0f1137
f0f10113
00ff00b7
0ff08093
00000013
00000013
0020f1b3
00120213
00200293
fc521ee3
000f0eb7
00fe8e93
01400e13
11d19c63
00000213
0f0f1137
f0f10113
00000013
ff0100b7
f0008093
0020f1b3
00120213
00200293
fe5210e3
0f001eb7
f00e8e93
01500e13
0fd19063
00000213
f0f0f137
0f010113
00000013
0ff010b7
ff008093
00000013
0020f1b3
00120213
00200293
fc521ee3
00f00eb7
0f0e8e93
01600e13
0bd19263
00000213
0f0f1137
f0f10113
00000013
00000013
00ff00b7
0ff08093
0020f1b3
00120213
00200293
fc521ee3
000f0eb7
00fe8e93
01700e13
07d19463
ff0100b7
f0008093
00107133
00000e93
01800e13
05d11863
00ff00b7
0ff08093
0000f133
00000e93
01900e13
03d11c63
000070b3
00000e93
01a00e13
03d09463
111110b7
11108093
22222137
22210113
0020f033
00000e93
01b00e13
01d01463
03c01a63
10000537
04500593
05200613
04f00693
00a00713
00b52023
00c52023
00c52023
00d52023
00c52023
00e52023
00100073
10000537
04f00593
04b00613
00a00693
00b52023
00c52023
00d52023
f6efe06f
00002537
f2c50513
10000637
00050583
00058c63
00b62023
00150513
ff1ff06f
69646e61
00000000
02e00593
00b62023
00b62023
ff0100b7
f0008093
f0f0f193
ff010eb7
f00e8e93
00200e13
1bd19463
0ff010b7
ff008093
0f00f193
0f000e93
00300e13
19d19863
00ff00b7
0ff08093
70f0f193
00f00e93
00400e13
17d19c63
f00ff0b7
00f08093
0f00f193
00000e93
00500e13
17d19063
ff0100b7
f0008093
0f00f093
00000e93
00600e13
15d09463
00000213
0ff010b7
ff008093
70f0f193
00018313
00120213
00200293
fe5214e3
70000e93
00700e13
11d31e63
00000213
00ff00b7
0ff08093
0f00f193
00000013
00018313
00120213
00200293
fe5212e3
0f000e93
00800e13
0fd31663
00000213
f00ff0b7
00f08093
f0f0f193
00000013
00000013
00018313
00120213
00200293
fe5210e3
f00ffeb7
00fe8e93
00900e13
0bd31a63
00000213
0ff010b7
ff008093
70f0f193
00120213
00200293
fe5216e3
70000e93
00a00e13
09d19663
00000213
00ff00b7
0ff08093
00000013
0f00f193
00120213
00200293
fe5214e3
0f000e93
00b00e13
07d19063
00000213
f00ff0b7
00f08093
00000013
00000013
70f0f193
00120213
00200293
fe5212e3
00f00e93
00c00e13
03d19863
0f007093
00000e93
00d00e13
03d09063
00ff00b7
0ff08093
70f0f013
00000e93
00e00e13
01d01463
03c01a63
10000537
04500593
05200613
04f00693
00a00713
00b52023
00c52023
00c52023
00d52023
00c52023
00e52023
00100073
10000537
04f00593
04b00613
00a00693
00b52023
00c52023
00d52023
c9afe06f
00002537
17050513
10000637
00050583
00058c63
00b62023
00150513
ff1ff06f
70697561
00000063
02e00593
00b62023
00b62023
00000013
00002517
71c50513
004005ef
40b50533
00002eb7
710e8e93
00200e13
03d51463
ffffe517
8fc50513
004005ef
40b50533
ffffeeb7
8f0e8e93
00300e13
01d51463
03c01a63
10000537
04500593
05200613
04f00693
00a00713
00b52023
00c52023
00c52023
00d52023
00c52023
00e52023
00100073
10000537
04f00593
04b00613
00a00693
00b52023
00c52023
00d52023
ac6fe06f
00002537
23c50513
10000637
00050583
00058a63
00b62023
00150513
ff1ff06f
00716562
02e00593
00b62023
00b62023
00200e13
00000093
00000113
00208663
2bc01863
01c01663
fe208ee3
2bc01263
00300e13
00100093
00100113
00208663
29c01863
01c01663
fe208ee3
29c01263
00400e13
fff00093
fff00113
00208663
27c01863
01c01663
fe208ee3
27c01263
00500e13
00000093
00100113
00208463
01c01463
25c01663
fe208ee3
00600e13
00100093
00000113
00208463
01c01463
23c01863
fe208ee3
00700e13
fff00093
00100113
00208463
01c01463
21c01a63
fe208ee3
00800e13
00100093
fff00113
00208463
01c01463
1fc01c63
fe208ee3
00900e13
00000213
00000093
fff00113
1e208063
00120213
00200293
fe5216e3
00a00e13
00000213
00000093
fff00113
00000013
1a208e63
00120213
00200293
fe5214e3
00b00e13
00000213
00000093
fff00113
00000013
00000013
18208a63
00120213
00200293
fe5212e3
00c00e13
00000213
00000093
00000013
fff00113
16208863
00120213
00200293
fe5214e3
00d00e13
00000213
00000093
00000013
fff00113
00000013
14208463
00120213
00200293
fe5212e3
00e00e13
00000213
00000093
00000013
00000013
fff00113
12208063
00120213
00200293
fe5212e3
00f00e13
00000213
00000093
fff00113
10208063
00120213
00200293
fe5216e3
01000e13
00000213
00000093
fff00113
00000013
0c208e63
00120213
00200293
fe5214e3
01100e13
00000213
00000093
fff00113
00000013
00000013
0a208a63
00120213
00200293
fe5212e3
01200e13
00000213
00000093
00000013
fff00113
08208863
00120213
00200293
fe5214e3
01300e13
00000213
00000093
00000013
fff00113
00000013
06208463
00120213
00200293
fe5212e3
01400e13
00000213
00000093
00000013
00000013
fff00113
04208063
00120213
00200293
fe5212e3
00100093
00000a63
00108093
00108093
00108093
00108093
00108093
00108093
00300e93
01500e13
01d09463
03c01a63
10000537
04500593
05200613
04f00693
00a00713
00b52023
00c52023
00c52023
00d52023
00c52023
00e52023
00100073
10000537
04f00593
04b00613
00a00693
00b52023
00c52023
00d52023
fb7fd06f
00002537
57c50513
10000637
00050583
00058a63
00b62023
00150513
ff1ff06f
00656762
02e00593
00b62023
00b62023
00200e13
00000093
00000113
0020d663
31c01863
01c01663
fe20dee3
31c01263
00300e13
00100093
00100113
0020d663
2fc01863
01c01663
fe20dee3
2fc01263
00400e13
fff00093
fff00113
0020d663
2dc01863
01c01663
fe20dee3
2dc01263
00500e13
00100093
00000113
0020d663
2bc01863
01c01663
fe20dee3
2bc01263
00600e13
00100093
fff00113
0020d663
29c01863
01c01663
fe20dee3
29c01263
00700e13
fff00093
ffe00113
0020d663
27c01863
01c01663
fe20dee3
27c01263
00800e13
00000093
00100113
0020d463
01c01463
25c01663
fe20dee3
00900e13
fff00093
00100113
0020d463
01c01463
23c01863
fe20dee3
00a00e13
ffe00093
fff00113
0020d463
01c01463
21c01a63
fe20dee3
00b00e13
ffe00093
00100113
0020d463
01c01463
1fc01c63
fe20dee3
00c00e13
00000213
fff00093
00000113
1e20d063
00120213
00200293
fe5216e3
00d00e13
00000213
fff00093
00000113
00000013
1a20de63
00120213
00200293
fe5214e3
00e00e13
00000213
fff00093
00000113
00000013
00000013
1820da63
00120213
00200293
fe5212e3
00f00e13
00000213
fff00093
00000013
00000113
1620d863
00120213
00200293
fe5214e3
01000e13
00000213
fff00093
00000013
00000113
00000013
1420d463
00120213
00200293
fe5212e3
01100e13
00000213
fff00093
00000013
00000013
00000113
1220d063
00120213
00200293
fe5212e3
01200e13
00000213
fff00093
00000113
1020d063
00120213
00200293
fe5216e3
01300e13
00000213
fff00093
00000113
00000013
0c20de63
00120213
00200293
fe5214e3
01400e13
00000213
fff00093
00000113
00000013
00000013
0a20da63
00120213
00200293
fe5212e3
01500e13
00000213
fff00093
00000013
00000113
0820d863
00120213
00200293
fe5214e3
01600e13
00000213
fff00093
00000013
00000113
00000013
0620d463
00120213
00200293
fe5212e3
01700e13
00000213
fff00093
00000013
00000013
00000113
0420d063
00120213
00200293
fe5212e3
00100093
0000da63
00108093
00108093
00108093
00108093
00108093
00108093
00300e93
01800e13
01d09463
03c01a63
10000537
04500593
05200613
04f00693
00a00713
00b52023
00c52023
00c52023
00d52023
00c52023
00e52023
00100073
10000537
04f00593
04b00613
00a00693
00b52023
00c52023
00d52023
c3bfd06f
00003537
91c50513
10000637
00050583
00058c63
00b62023
00150513
ff1ff06f
75656762
00000000
02e00593
00b62023
00b62023
00200e13
00000093
00000113
0020f663
35c01263
01c01663
fe20fee3
33c01c63
00300e13
00100093
00100113
0020f663
33c01263
01c01663
fe20fee3
31c01c63
00400e13
fff00093
fff00113
0020f663
31c01263
01c01663
fe20fee3
2fc01c63
00500e13
00100093
00000113
0020f663
2fc01263
01c01663
fe20fee3
2dc01c63
00600e13
fff00093
ffe00113
0020f663
2dc01263
01c01663
fe20fee3
2bc01c63
00700e13
fff00093
00000113
0020f663
2bc01263
01c01663
fe20fee3
29c01c63
00800e13
00000093
00100113
0020f463
01c01463
29c01063
fe20fee3
00900e13
ffe00093
fff00113
0020f463
01c01463
27c01263
fe20fee3
00a00e13
00000093
fff00113
0020f463
01c01463
25c01463
fe20fee3
00b00e13
800000b7
fff08093
80000137
0020f463
01c01463
23c01463
fe20fee3
00c00e13
00000213
f00000b7
fff08093
f0000137
2020f663
00120213
00200293
fe5214e3
00d00e13
00000213
f00000b7
fff08093
f0000137
00000013
1e20f263
00120213
00200293
fe5212e3
00e00e13
00000213
f00000b7
fff08093
f0000137
00000013
00000013
1a20fc63
00120213
00200293
fe5210e3
00f00e13
00000213
f00000b7
fff08093
00000013
f0000137
1820f863
00120213
00200293
fe5212e3
01000e13
00000213
f00000b7
fff08093
00000013
f0000137
00000013
1620f263
00120213
00200293
fe5210e3
01100e13
00000213
f00000b7
fff08093
00000013
00000013
f0000137
1220fc63
00120213
00200293
fe5210e3
01200e13
00000213
f00000b7
fff08093
f0000137
1020fa63
00120213
00200293
fe5214e3
01300e13
00000213
f00000b7
fff08093
f0000137
00000013
0e20f663
00120213
00200293
fe5212e3
01400e13
00000213
f00000b7
fff08093
f0000137
00000013
00000013
0c20f063
00120213
00200293
fe5210e3
01500e13
00000213
f00000b7
fff08093
00000013
f0000137
0820fc63
00120213
00200293
fe5212e3
01600e13
00000213
f00000b7
fff08093
00000013
f0000137
00000013
0620f663
00120213
00200293
fe5210e3
01700e13
00000213
f00000b7
fff08093
00000013
00000013
f0000137
0420f063
00120213
00200293
fe5210e3
00100093
0000fa63
00108093
00108093
00108093
00108093
00108093
00108093
00300e93
01800e13
01d09463
03c01a63
10000537
04500593
05200613
04f00693
00a00713
00b52023
00c52023
00c52023
00d52023
00c52023
00e52023
00100073
10000537
04f00593
04b00613
00a00693
00b52023
00c52023
00d52023
87bfd06f
00003537
cf450513
10000637
00050583
00058a63
00b62023
00150513
ff1ff06f
00746c62
02e00593
00b62023
00b62023
00200e13
00000093
00100113
0020c663
2bc01863
01c01663
fe20cee3
2bc01263
00300e13
fff00093
00100113
0020c663
29c01863
01c01663
fe20cee3
29c01263
00400e13
ffe00093
fff00113
0020c663
27c01863
01c01663
fe20cee3
27c01263
00500e13
00100093
00000113
0020c463
01c01463
25c01663
fe20cee3
00600e13
00100093
fff00113
0020c463
01c01463
23c01863
fe20cee3
00700e13
fff00093
ffe00113
0020c463
01c01463
21c01a63
fe20cee3
00800e13
00100093
ffe00113
0020c463
01c01463
1fc01c63
fe20cee3
00900e13
00000213
00000093
fff00113
1e20c063
00120213
00200293
fe5216e3
00a00e13
00000213
00000093
fff00113
00000013
1a20ce63
00120213
00200293
fe5214e3
00b00e13
00000213
00000093
fff00113
00000013
00000013
1820ca63
00120213
00200293
fe5212e3
00c00e13
00000213
00000093
00000013
fff00113
1620c863
00120213
00200293
fe5214e3
00d00e13
00000213
00000093
00000013
fff00113
00000013
1420c463
00120213
00200293
fe5212e3
00e00e13
00000213
00000093
00000013
00000013
fff00113
1220c063
00120213
00200293
fe5212e3
00f00e13
00000213
00000093
fff00113
1020c063
00120213
00200293
fe5216e3
01000e13
00000213
00000093
fff00113
00000013
0c20ce63
00120213
00200293
fe5214e3
01100e13
00000213
00000093
fff00113
00000013
00000013
0a20ca63
00120213
00200293
fe5212e3
01200e13
00000213
00000093
00000013
fff00113
0820c863
00120213
00200293
fe5214e3
01300e13
00000213
00000093
00000013
fff00113
00000013
0620c463
00120213
00200293
fe5212e3
01400e13
00000213
00000093
00000013
00000013
fff00113
0420c063
00120213
00200293
fe5212e3
00100093
00104a63
00108093
00108093
00108093
00108093
00108093
00108093
00300e93
01500e13
01d09463
03c01a63
10000537
04500593
05200613
04f00693
00a00713
00b52023
00c52023
00c52023
00d52023
00c52023
00e52023
00100073
10000537
04f00593
04b00613
00a00693
00b52023
00c52023
00d52023
d16fd06f
00003537
03450513
10000637
00050583
00058c63
00b62023
00150513
ff1ff06f
75746c62
00000000
02e00593
00b62023
00b62023
00200e13
00000093
00100113
0020e663
2fc01263
01c01663
fe20eee3
2dc01c63
00300e13
ffe00093
fff00113
0020e663
2dc01263
01c01663
fe20eee3
2bc01c63
00400e13
00000093
fff00113
0020e663
2bc01263
01c01663
fe20eee3
29c01c63
00500e13
00100093
00000113
0020e463
01c01463
29c01063
fe20eee3
00600e13
fff00093
ffe00113
0020e463
01c01463
27c01263
fe20eee3
00700e13
fff00093
00000113
0020e463
01c01463
25c01463
fe20eee3
00800e13
800000b7
80000137
fff10113
0020e463
01c01463
23c01463
fe20eee3
00900e13
00000213
f00000b7
f0000137
fff10113
2020e663
00120213
00200293
fe5214e3
00a00e13
00000213
f00000b7
f0000137
fff10113
00000013
1e20e263
00120213
00200293
fe5212e3
00b00e13
00000213
f00000b7
f0000137
fff10113
00000013
00000013
1a20ec63
00120213
00200293
fe5210e3
00c00e13
00000213
f00000b7
00000013
f0000137
fff10113
1820e863
00120213
00200293
fe5212e3
00d00e13
00000213
f00000b7
00000013
f0000137
fff10113
00000013
1620e263
00120213
00200293
fe5210e3
00e00e13
00000213
f00000b7
00000013
00000013
f0000137
fff10113
1220ec63
00120213
00200293
fe5210e3
00f00e13
00000213
f00000b7
f0000137
fff10113
1020ea63
00120213
00200293
fe5214e3
01000e13
00000213
f00000b7
f0000137
fff10113
00000013
0e20e663
00120213
00200293
fe5212e3
01100e13
00000213
f00000b7
f0000137
fff10113
00000013
00000013
0c20e063
00120213
00200293
fe5210e3
01200e13
00000213
f00000b7
00000013
f0000137
fff10113
0820ec63
00120213
00200293
fe5212e3
01300e13
00000213
f00000b7
00000013
f0000137
fff10113
00000013
0620e663
00120213
00200293
fe5210e3
01400e13
00000213
f00000b7
00000013
00000013
f0000137
fff10113
0420e063
00120213
00200293
fe5210e3
00100093
00106a63
00108093
00108093
00108093
00108093
00108093
00108093
00300e93
01500e13
01d09463
03c01a63
10000537
04500593
05200613
04f00693
00a00713
00b52023
00c52023
00c52023
00d52023
00c52023
00e52023
00100073
10000537
04f00593
04b00613
00a00693
00b52023
00c52023
00d52023
9b6fd06f
00003537
3ac50513
10000637
00050583
00058a63
00b62023
00150513
ff1ff06f
00656e62
02e00593
00b62023
00b62023
00200e13
00000093
00100113
00209663
2bc01a63
01c01663
fe209ee3
2bc01463
00300e13
00100093
00000113
00209663
29c01a63
01c01663
fe209ee3
29c01463
00400e13
fff00093
00100113
00209663
27c01a63
01c01663
fe209ee3
27c01463
00500e13
00100093
fff00113
00209663
25c01a63
01c01663
fe209ee3
25c01463
00600e13
00000093
00000113
00209463
01c01463
23c01863
fe209ee3
00700e13
00100093
00100113
00209463
01c01463
21c01a63
fe209ee3
00800e13
fff00093
fff00113
00209463
01c01463
1fc01c63
fe209ee3
00900e13
00000213
00000093
00000113
1e209063
00120213
00200293
fe5216e3
00a00e13
00000213
00000093
00000113
00000013
1a209e63
00120213
00200293
fe5214e3
00b00e13
00000213
00000093
00000113
00000013
00000013
18209a63
00120213
00200293
fe5212e3
00c00e13
00000213
00000093
00000013
00000113
16209863
00120213
00200293
fe5214e3
00d00e13
00000213
00000093
00000013
00000113
00000013
14209463
00120213
00200293
fe5212e3
00e00e13
00000213
00000093
00000013
00000013
00000113
12209063
00120213
00200293
fe5212e3
00f00e13
00000213
00000093
00000113
10209063
00120213
00200293
fe5216e3
01000e13
00000213
00000093
00000113
00000013
0c209e63
00120213
00200293
fe5214e3
01100e13
00000213
00000093
00000113
00000013
00000013
0a209a63
00120213
00200293
fe5212e3
01200e13
00000213
00000093
00000013
00000113
08209863
00120213
00200293
fe5214e3
01300e13
00000213
00000093
00000013
00000113
00000013
06209463
00120213
00200293
fe5212e3
01400e13
00000213
00000093
00000013
00000013
00000113
04209063
00120213
00200293
fe5212e3
00100093
00009a63
00108093
00108093
00108093
00108093
00108093
00108093
00300e93
01500e13
01d09463
03c01a63
10000537
04500593
05200613
04f00693
00a00713
00b52023
00c52023
00c52023
00d52023
00c52023
00e52023
00100073
10000537
04f00593
04b00613
00a00693
00b52023
00c52023
00d52023
e4ffc06f
00003537
6f050513
10000637
00050583
00058a63
00b62023
00150513
ff1ff06f
00766964
02e00593
00b62023
00b62023
01400093
00600113
0220c1b3
00300e93
00200e13
0dd19463
fec00093
00600113
0220c1b3
ffd00e93
00300e13
0bd19863
01400093
ffa00113
0220c1b3
ffd00e93
00400e13
09d19c63
fec00093
ffa00113
0220c1b3
00300e93
00500e13
09d19063
800000b7
00100113
0220c1b3
80000eb7
00600e13
07d19463
800000b7
fff00113
0220c1b3
80000eb7
00700e13
05d19863
800000b7
00000113
0220c1b3
fff00e93
00800e13
03d19c63
00100093
00000113
0220c1b3
fff00e93
00900e13
03d19063
00000093
00000113
0220c1b3
fff00e93
00a00e13
01d19463
03c01a63
10000537
04500593
05200613
04f00693
00a00713
00b52023
00c52023
00c52023
00d52023
00c52023
00e52023
00100073
10000537
04f00593
04b00613
00a00693
00b52023
00c52023
00d52023
e8bfc06f
00004537
84c50513
10000637
00050583
00058c63
00b62023
00150513
ff1ff06f
75766964
00000000
02e00593
00b62023
00b62023
01400093
00600113
0220d1b3
00300e93
00200e13
0dd19663
fec00093
00600113
0220d1b3
2aaabeb7
aa7e8e93
00300e13
0bd19863
01400093
ffa00113
0220d1b3
00000e93
00400e13
09d19c63
fec00093
ffa00113
0220d1b3
00000e93
00500e13
09d19063
800000b7
00100113
0220d1b3
80000eb7
00600e13
07d19463
800000b7
fff00113
0220d1b3
00000e93
00700e13
05d19863
800000b7
00000113
0220d1b3
fff00e93
00800e13
03d19c63
00100093
00000113
0220d1b3
fff00e93
00900e13
03d19063
00000093
00000113
0220d1b3
fff00e93
00a00e13
01d19463
03c01a63
10000537
04500593
05200613
04f00693
00a00713
00b52023
00c52023
00c52023
00d52023
00c52023
00e52023
00100073
10000537
04f00593
04b00613
00a00693
00b52023
00c52023
00d52023
d33fc06f
00004537
9b050513
10000637
00050583
00058a63
00b62023
00150513
ff1ff06f
0000006a
02e00593
00b62023
00b62023
00200e13
0080006f
0340006f
00100093
0140006f
00108093
00108093
00108093
00108093
00108093
00108093
00300e93
00300e13
01d09463
03c01a63
10000537
04500593
05200613
04f00693
00a00713
00b52023
00c52023
00c52023
00d52023
00c52023
00e52023
00100073
10000537
04f00593
04b00613
00a00693
00b52023
00c52023
00d52023
aa3fc06f
00004537
a6c50513
10000637
00050583
00058a63
00b62023
00150513
ff1ff06f
006c616a
02e00593
00b62023
00b62023
00200e13
00000093
010000ef
00000013
00000013
0440006f
00000117
ff010113
00410113
02111a63
00100113
014000ef
00110113
00110113
00110113
00110113
00110113
00110113
00300e93
00300e13
01d11463
03c01a63
10000537
04500593
05200613
04f00693
00a00713
00b52023
00c52023
00c52023
00d52023
00c52023
00e52023
00100073
10000537
04f00593
04b00613
00a00693
00b52023
00c52023
00d52023
9d7fc06f
00004537
b4450513
10000637
00050583
00058c63
00b62023
00150513
ff1ff06f
726c616a
00000000
02e00593
00b62023
00b62023
00200e13
00000f93
00000117
01810113
000109e7
00000013
00000013
0e40006f
00000097
ff008093
00408093
0d309a63
00300e13
00000f93
00000197
01418193
00018067
00000013
0b80006f
0a0f9a63
00400e13
00000213
00000317
01030313
000309e7
09c01e63
00120213
00200293
fe5214e3
00500e13
00000213
00000317
01430313
00000013
000309e7
07c01a63
00120213
00200293
fe5212e3
00600e13
00000213
00000317
01830313
00000013
00000013
000309e7
05c01463
00120213
00200293
fe5210e3
00100093
00000117
01c10113
ffc109e7
00108093
00108093
00108093
00108093
00108093
00108093
00400e93
00700e13
01d09463
03c01a63
10000537
04500593
05200613
04f00693
00a00713
00b52023
00c52023
00c52023
00d52023
00c52023
00e52023
00100073
10000537
04f00593
04b00613
00a00693
00b52023
00c52023
00d52023
85ffc06f
00004537
cc850513
10000637
00050583
00058a63
00b62023
00150513
ff1ff06f
0000626c
02e00593
00b62023
00b62023
00008097
6e408093
00008183
fff00e93
00200e13
23d19c63
00008097
6cc08093
00108183
00000e93
00300e13
23d19063
00008097
6b408093
00208183
ff000e93
00400e13
21d19463
00008097
69c08093
00308183
00f00e93
00500e13
1fd19863
00008097
68708093
ffd08183
fff00e93
00600e13
1dd19c63
00008097
66f08093
ffe08183
00000e93
00700e13
1dd19063
00008097
65708093
fff08183
ff000e93
00800e13
1bd19463
00008097
63f08093
00008183
00f00e93
00900e13
19d19863
00008097
62408093
fe008093
02008183
fff00e93
00a00e13
17d19a63
00008097
60808093
ffa08093
00708183
00000e93
00b00e13
15d19c63
00c00e13
00000213
00008097
5e508093
00108183
00018313
ff000e93
13d31c63
00120213
00200293
fe5210e3
00d00e13
00000213
00008097
5ba08093
00108183
00000013
00018313
00f00e93
11d31463
00120213
00200293
fc521ee3
00e00e13
00000213
00008097
58808093
00108183
00000013
00000013
00018313
00000e93
0dd31a63
00120213
00200293
fc521ce3
00f00e13
00000213
00008097
55508093
00108183
ff000e93
0bd19663
00120213
00200293
fe5212e3
01000e13
00000213
00008097
52e08093
00000013
00108183
00f00e93
09d19063
00120213
00200293
fe5210e3
01100e13
00000213
00008097
50008093
00000013
00000013
00108183
00000e93
05d19863
00120213
00200293
fc521ee3
00008197
4d818193
00018103
00200113
00200e93
01200e13
03d11463
00008197
4bc18193
00018103
00000013
00200113
00200e93
01300e13
01d11463
03c01a63
10000537
04500593
05200613
04f00693
00a00713
00b52023
00c52023
00c52023
00d52023
00c52023
00e52023
00100073
10000537
04f00593
04b00613
00a00693
00b52023
00c52023
00d52023
de6fc06f
00004537
f9450513
10000637
00050583
00058a63
00b62023
00150513
ff1ff06f
0075626c
02e00593
00b62023
00b62023
00008097
44408093
0000c183
0ff00e93
00200e13
23d19c63
00008097
42c08093
0010c183
00000e93
00300e13
23d19063
00008097
41408093
0020c183
0f000e93
00400e13
21d19463
00008097
3fc08093
0030c183
00f00e93
00500e13
1fd19863
00008097
3e708093
ffd0c183
0ff00e93
00600e13
1dd19c63
00008097
3cf08093
ffe0c183
00000e93
00700e13
1dd19063
00008097
3b708093
fff0c183
0f000e93
00800e13
1bd19463
00008097
39f08093
0000c183
00f00e93
00900e13
19d19863
00008097
38408093
fe008093
0200c183
0ff00e93
00a00e13
17d19a63
00008097
36808093
ffa08093
0070c183
00000e93
00b00e13
15d19c63
00c00e13
00000213
00008097
34508093
0010c183
00018313
0f000e93
13d31c63
00120213
00200293
fe5210e3
00d00e13
00000213
00008097
31a08093
0010c183
00000013
00018313
00f00e93
11d31463
00120213
00200293
fc521ee3
00e00e13
00000213
00008097
2e808093
0010c183
00000013
00000013
00018313
00000e93
0dd31a63
00120213
00200293
fc521ce3
00f00e13
00000213
00008097
2b508093
0010c183
0f000e93
0bd19663
00120213
00200293
fe5212e3
01000e13
00000213
00008097
28e08093
00000013
0010c183
00f00e93
09d19063
00120213
00200293
fe5210e3
01100e13
00000213
00008097
26008093
00000013
00000013
0010c183
00000e93
05d19863
00120213
00200293
fc521ee3
00008197
23818193
0001c103
00200113
00200e93
01200e13
03d11463
00008197
21c18193
0001c103
00000013
00200113
00200e93
01300e13
01d11463
03c01a63
10000537
04500593
05200613
04f00693
00a00713
00b52023
00c52023
00c52023
00d52023
00c52023
00e52023
00100073
10000537
04f00593
04b00613
00a00693
00b52023
00c52023
00d52023
b3efc06f
00004537
26050513
10000637
00050583
00058a63
00b62023
00150513
ff1ff06f
0000686c
02e00593
00b62023
00b62023
00008097
1a408093
00009183
0ff00e93
00200e13
25d19c63
00008097
18c08093
00209183
f0000e93
00300e13
25d19063
00008097
17408093
00409183
00001eb7
ff0e8e93
00400e13
23d19263
00008097
15808093
00609183
fffffeb7
00fe8e93
00500e13
21d19463
00008097
14208093
ffa09183
0ff00e93
00600e13
1fd19863
00008097
12a08093
ffc09183
f0000e93
00700e13
1dd19c63
00008097
11208093
ffe09183
00001eb7
ff0e8e93
00800e13
1bd19e63
00008097
0f608093
00009183
fffffeb7
00fe8e93
00900e13
1bd19063
00008097
0d408093
fe008093
02009183
0ff00e93
00a00e13
19d19263
00008097
0b808093
ffb08093
00709183
f0000e93
00b00e13
17d19463
00c00e13
00000213
00008097
09608093
00209183
00018313
00001eb7
ff0e8e93
15d31263
00120213
00200293
fc521ee3
00d00e13
00000213
00008097
06808093
00209183
00000013
00018313
fffffeb7
00fe8e93
11d31863
00120213
00200293
fc521ce3
00e00e13
00000213
00008097
03008093
00209183
00000013
00000013
00018313
f0000e93
0dd31e63
00120213
00200293
fc521ce3
00f00e13
00000213
00008097
ffe08093
00209183
00001eb7
ff0e8e93
0bd19863
00120213
00200293
fe5210e3
01000e13
00000213
00008097
fd408093
00000013
00209183
fffffeb7
00fe8e93
09d19063
00120213
00200293
fc521ee3
01100e13
00000213
00008097
fa008093
00000013
00000013
00209183
f0000e93
05d19863
00120213
00200293
fc521ee3
00008197
f7818193
00019103
00200113
00200e93
01200e13
03d11463
00008197
f5c18193
00019103
00000013
00200113
00200e93
01300e13
01d11463
03c01a63
10000537
04500593
05200613
04f00693
00a00713
00b52023
00c52023
00c52023
00d52023
00c52023
00e52023
00100073
10000537
04f00593
04b00613
00a00693
00b52023
00c52023
00d52023
83afc06f
00004537
54c50513
10000637
00050583
00058a63
00b62023
00150513
ff1ff06f
0075686c
02e00593
00b62023
00b62023
00008097
ee808093
0000d183
0ff00e93
00200e13
27d19663
00008097
ed008093
0020d183
00010eb7
f00e8e93
00300e13
25d19863
00008097
eb408093
0040d183
00001eb7
ff0e8e93
00400e13
23d19a63
00008097
e9808093
0060d183
0000feb7
00fe8e93
00500e13
21d19c63
00008097
e8208093
ffa0d183
0ff00e93
00600e13
21d19063
00008097
e6a08093
ffc0d183
00010eb7
f00e8e93
00700e13
1fd19263
00008097
e4e08093
ffe0d183
00001eb7
ff0e8e93
00800e13
1dd19463
00008097
e3208093
0000d183
0000feb7
00fe8e93
00900e13
1bd19663
00008097
e1008093
fe008093
0200d183
0ff00e93
00a00e13
19d19863
00008097
df408093
ffb08093
0070d183
00010eb7
f00e8e93
00b00e13
17d19863
00c00e13
00000213
00008097
dce08093
0020d183
00018313
00001eb7
ff0e8e93
15d31663
00120213
00200293
fc521ee3
00d00e13
00000213
00008097
da008093
0020d183
00000013
00018313
0000feb7
00fe8e93
11d31c63
00120213
00200293
fc521ce3
00e00e13
00000213
00008097
d6808093
0020d183
00000013
00000013
00018313
00010eb7
f00e8e93
0fd31063
00120213
00200293
fc521ae3
00f00e13
00000213
00008097
d3208093
0020d183
00001eb7
ff0e8e93
0bd19a63
00120213
00200293
fe5210e3
01000e13
00000213
00008097
d0808093
00000013
0020d183
0000feb7
00fe8e93
09d19263
00120213
00200293
fc521ee3
01100e13
00000213
00008097
cd408093
00000013
00000013
0020d183
00010eb7
f00e8e93
05d19863
00120213
00200293
fc521ce3
00008197
ca818193
0001d103
00200113
00200e93
01200e13
03d11463
00008197
c8c18193
0001d103
00000013
00200113
00200e93
01300e13
01d11463
03c01a63
10000537
04500593
05200613
04f00693
00a00713
00b52023
00c52023
00c52023
00d52023
00c52023
00e52023
00100073
10000537
04f00593
04b00613
00a00693
00b52023
00c52023
00d52023
d5ffb06f
00005537
84c50513
10000637
00050583
00058a63
00b62023
00150513
ff1ff06f
0069756c
02e00593
00b62023
00b62023
000000b7
00000e93
00200e13
05d09a63
fffff0b7
4010d093
80000e93
00300e13
05d09063
7ffff0b7
4140d093
7ff00e93
00400e13
03d09663
800000b7
4140d093
80000e93
00500e13
01d09c63
80000037
00000e93
00600e13
01d01463
03c01a63
10000537
04500593
05200613
04f00693
00a00713
00b52023
00c52023
00c52023
00d52023
00c52023
00e52023
00100073
10000537
04f00593
04b00613
00a00693
00b52023
00c52023
00d52023
bcbfb06f
00005537
92c50513
10000637
00050583
00058a63
00b62023
00150513
ff1ff06f
0000776c
02e00593
00b62023
00b62023
00008097
b6008093
0000a183
00ff0eb7
0ffe8e93
00200e13
27d19a63
00008097
b4408093
0040a183
ff010eb7
f00e8e93
00300e13
25d19c63
00008097
b2808093
0080a183
0ff01eb7
ff0e8e93
00400e13
23d19e63
00008097
b0c08093
00c0a183
f00ffeb7
00fe8e93
00500e13
23d19063
00008097
afc08093
ff40a183
00ff0eb7
0ffe8e93
00600e13
21d19263
00008097
ae008093
ff80a183
ff010eb7
f00e8e93
00700e13
1fd19463
00008097
ac408093
ffc0a183
0ff01eb7
ff0e8e93
00800e13
1dd19663
00008097
aa808093
0000a183
f00ffeb7
00fe8e93
00900e13
1bd19863
00008097
a8008093
fe008093
0200a183
00ff0eb7
0ffe8e93
00a00e13
19d19863
00008097
a6008093
ffd08093
0070a183
ff010eb7
f00e8e93
00b00e13
17d19863
00c00e13
00000213
00008097
a3c08093
0040a183
00018313
0ff01eb7
ff0e8e93
15d31663
00120213
00200293
fc521ee3
00d00e13
00000213
00008097
a1008093
0040a183
00000013
00018313
f00ffeb7
00fe8e93
11d31c63
00120213
00200293
fc521ce3
00e00e13
00000213
00008097
9d408093
0040a183
00000013
00000013
00018313
ff010eb7
f00e8e93
0fd31063
00120213
00200293
fc521ae3
00f00e13
00000213
00008097
9a008093
0040a183
0ff01eb7
ff0e8e93
0bd19a63
00120213
00200293
fe5210e3
01000e13
00000213
00008097
97808093
00000013
0040a183
f00ffeb7
00fe8e93
09d19263
00120213
00200293
fc521ee3
01100e13
00000213
00008097
94008093
00000013
00000013
0040a183
ff010eb7
f00e8e93
05d19863
00120213
00200293
fc521ce3
00008197
91418193
0001a103
00200113
00200e93
01200e13
03d11463
00008197
8f818193
0001a103
00000013
00200113
00200e93
01300e13
01d11463
03c01a63
10000537
04500593
05200613
04f00693
00a00713
00b52023
00c52023
00c52023
00d52023
00c52023
00e52023
00100073
10000537
04f00593
04b00613
00a00693
00b52023
00c52023
00d52023
95bfb06f
00005537
c3850513
10000637
00050583
00058a63
00b62023
00150513
ff1ff06f
006c756d
02e00593
00b62023
00b62023
000080b7
e0008093
b6db7137
db710113
022081b3
00001eb7
200e8e93
02000e13
4bd19463
000080b7
fc008093
b6db7137
db710113
022081b3
00001eb7
240e8e93
02100e13
49d19263
00000093
00000113
022081b3
00000e93
00200e13
47d19663
00100093
00100113
022081b3
00100e93
00300e13
45d19a63
00300093
00700113
022081b3
01500e93
00400e13
43d19e63
00000093
ffff8137
022081b3
00000e93
00500e13
43d19263
800000b7
00000113
022081b3
00000e93
00600e13
41d19663
800000b7
ffff8137
022081b3
00000e93
00700e13
3fd19a63
aaaab0b7
aab08093
00030137
e7d10113
022081b3
00010eb7
f7fe8e93
01e00e13
3dd19863
000300b7
e7d08093
aaaab137
aab10113
022081b3
00010eb7
f7fe8e93
01f00e13
3bd19663
ff0000b7
ff000137
022081b3
00000e93
02200e13
39d19a63
fff00093
fff00113
022081b3
00100e93
02300e13
37d19e63
fff00093
00100113
022081b3
fff00e93
02400e13
37d19263
00100093
fff00113
022081b3
fff00e93
02500e13
35d19663
00d00093
00b00113
022080b3
08f00e93
00800e13
33d09a63
00e00093
00b00113
02208133
09a00e93
00900e13
31d11e63
00d00093
021080b3
0a900e93
00a00e13
31d09463
00000213
00d00093
00b00113
022081b3
00018313
00120213
00200293
fe5214e3
08f00e93
00b00e13
2dd31e63
00000213
00e00093
00b00113
022081b3
00000013
00018313
00120213
00200293
fe5212e3
09a00e93
00c00e13
2bd31663
00000213
00f00093
00b00113
022081b3
00000013
00000013
00018313
00120213
00200293
fe5210e3
0a500e93
00d00e13
27d31c63
00000213
00d00093
00b00113
022081b3
00120213
00200293
fe5216e3
08f00e93
00e00e13
25d19863
00000213
00e00093
00b00113
00000013
022081b3
00120213
00200293
fe5214e3
09a00e93
00f00e13
23d19263
00000213
00f00093
00b00113
00000013
00000013
022081b3
00120213
00200293
fe5212e3
0a500e93
01000e13
1fd19a63
00000213
00d00093
00000013
00b00113
022081b3
00120213
00200293
fe5214e3
08f00e93
01100e13
1dd19463
00000213
00e00093
00000013
00b00113
00000013
022081b3
00120213
00200293
fe5212e3
09a00e93
01200e13
19d19c63
00000213
00f00093
00000013
00000013
00b00113
022081b3
00120213
00200293
fe5212e3
0a500e93
01300e13
17d19463
00000213
00b00113
00d00093
022081b3
00120213
00200293
fe5216e3
08f00e93
01400e13
15d19063
00000213
00b00113
00e00093
00000013
022081b3
00120213
00200293
fe5214e3
09a00e93
01500e13
11d19a63
00000213
00b00113
00f00093
00000013
00000013
022081b3
00120213
00200293
fe5212e3
0a500e93
01600e13
0fd19263
00000213
00b00113
00000013
00d00093
022081b3
00120213
00200293
fe5214e3
08f00e93
01700e13
0bd19c63
00000213
00b00113
00000013
00e00093
00000013
022081b3
00120213
00200293
fe5212e3
09a00e93
01800e13
09d19463
00000213
00b00113
00000013
00000013
00f00093
022081b3
00120213
00200293
fe5212e3
0a500e93
01900e13
05d19c63
01f00093
02100133
00000e93
01a00e13
05d11263
02000093
02008133
00000e93
01b00e13
03d11863
020000b3
00000e93
01c00e13
03d09063
02100093
02200113
02208033
00000e93
01d00e13
01d01463
03c01a63
10000537
04500593
05200613
04f00693
00a00713
00b52023
00c52023
00c52023
00d52023
00c52023
00e52023
00100073
10000537
04f00593
04b00613
00a00693
00b52023
00c52023
00d52023
d4afb06f
00005537
18050513
10000637
00050583
00058c63
00b62023
00150513
ff1ff06f
686c756d
00000000
02e00593
00b62023
00b62023
00000093
00000113
022091b3
00000e93
00200e13
4bd19a63
00100093
00100113
022091b3
00000e93
00300e13
49d19e63
00300093
00700113
022091b3
00000e93
00400e13
49d19263
00000093
ffff8137
022091b3
00000e93
00500e13
47d19663
800000b7
00000113
022091b3
00000e93
00600e13
45d19a63
800000b7
00000113
022091b3
00000e93
00700e13
43d19e63
aaaab0b7
aab08093
00030137
e7d10113
022091b3
ffff0eb7
081e8e93
01e00e13
41d19c63
000300b7
e7d08093
aaaab137
aab10113
022091b3
ffff0eb7
081e8e93
01f00e13
3fd19a63
ff0000b7
ff000137
022091b3
00010eb7
02000e13
3dd19e63
fff00093
fff00113
022091b3
00000e93
02100e13
3dd19263
fff00093
00100113
022091b3
fff00e93
02200e13
3bd19663
00100093
fff00113
022091b3
fff00e93
02300e13
39d19a63
00d000b7
00b00137
022090b3
00009eb7
f00e8e93
00800e13
37d09c63
00e000b7
00b00137
02209133
0000aeb7
a00e8e93
00900e13
35d11e63
00d000b7
021090b3
0000beb7
900e8e93
00a00e13
35d09263
00000213
00d000b7
00b00137
022091b3
00018313
00120213
00200293
fe5214e3
00009eb7
f00e8e93
00b00e13
31d31a63
00000213
00e000b7
00b00137
022091b3
00000013
00018313
00120213
00200293
fe5212e3
0000aeb7
a00e8e93
00c00e13
2fd31063
00000213
00f000b7
00b00137
022091b3
00000013
00000013
00018313
00120213
00200293
fe5210e3
0000aeb7
500e8e93
00d00e13
2bd31463
00000213
00d000b7
00b00137
022091b3
00120213
00200293
fe5216e3
00009eb7
f00e8e93
00e00e13
27d19e63
00000213
00e000b7
00b00137
00000013
022091b3
00120213
00200293
fe5214e3
0000aeb7
a00e8e93
00f00e13
25d19663
00000213
00f000b7
00b00137
00000013
00000013
022091b3
00120213
00200293
fe5212e3
0000aeb7
500e8e93
01000e13
21d19c63
00000213
00d000b7
00000013
00b00137
022091b3
00120213
00200293
fe5214e3
00009eb7
f00e8e93
01100e13
1fd19463
00000213
00e000b7
00000013
00b00137
00000013
022091b3
00120213
00200293
fe5212e3
0000aeb7
a00e8e93
01200e13
1bd19a63
00000213
00f000b7
00000013
00000013
00b00137
022091b3
00120213
00200293
fe5212e3
0000aeb7
500e8e93
01300e13
19d19063
00000213
00b00137
00d000b7
022091b3
00120213
00200293
fe5216e3
00009eb7
f00e8e93
01400e13
15d19a63
00000213
00b00137
00e000b7
00000013
022091b3
00120213
00200293
fe5214e3
0000aeb7
a00e8e93
01500e13
13d19263
00000213
00b00137
00f000b7
00000013
00000013
022091b3
00120213
00200293
fe5212e3
0000aeb7
500e8e93
01600e13
0fd19863
00000213
00b00137
00000013
00d000b7
022091b3
00120213
00200293
fe5214e3
00009eb7
f00e8e93
01700e13
0dd19063
00000213
00b00137
00000013
00e000b7
00000013
022091b3
00120213
00200293
fe5212e3
0000aeb7
a00e8e93
01800e13
09d19663
00000213
00b00137
00000013
00000013
00f000b7
022091b3
00120213
00200293
fe5212e3
0000aeb7
500e8e93
01900e13
05d19c63
7c0000b7
02101133
00000e93
01a00e13
05d11263
800000b7
02009133
00000e93
01b00e13
03d11863
020010b3
00000e93
01c00e13
03d09063
021000b7
02200137
02209033
00000e93
01d00e13
01d01463
03c01a63
10000537
04500593
05200613
04f00693
00a00713
00b52023
00c52023
00c52023
00d52023
00c52023
00e52023
00100073
10000537
04f00593
04b00613
00a00693
00b52023
00c52023
00d52023
fdbfa06f
00005537
6cc50513
10000637
00050583
00058c63
00b62023
00150513
ff1ff06f
686c756d
00007573
02e00593
00b62023
00b62023
00000093
00000113
0220a1b3
00000e93
00200e13
4bd19a63
00100093
00100113
0220a1b3
00000e93
00300e13
49d19e63
00300093
00700113
0220a1b3
00000e93
00400e13
49d19263
00000093
ffff8137
0220a1b3
00000e93
00500e13
47d19663
800000b7
00000113
0220a1b3
00000e93
00600e13
45d19a63
800000b7
ffff8137
0220a1b3
80004eb7
00700e13
43d19e63
aaaab0b7
aab08093
00030137
e7d10113
0220a1b3
ffff0eb7
081e8e93
01e00e13
41d19c63
000300b7
e7d08093
aaaab137
aab10113
0220a1b3
00020eb7
efee8e93
01f00e13
3fd19a63
ff0000b7
ff000137
0220a1b3
ff010eb7
02000e13
3dd19e63
fff00093
fff00113
0220a1b3
fff00e93
02100e13
3dd19263
fff00093
00100113
0220a1b3
fff00e93
02200e13
3bd19663
00100093
fff00113
0220a1b3
00000e93
02300e13
39d19a63
00d000b7
00b00137
0220a0b3
00009eb7
f00e8e93
00800e13
37d09c63
00e000b7
00b00137
0220a133
0000aeb7
a00e8e93
00900e13
35d11e63
00d000b7
0210a0b3
0000beb7
900e8e93
00a00e13
35d09263
00000213
00d000b7
00b00137
0220a1b3
00018313
00120213
00200293
fe5214e3
00009eb7
f00e8e93
00b00e13
31d31a63
00000213
00e000b7
00b00137
0220a1b3
00000013
00018313
00120213
00200293
fe5212e3
0000aeb7
a00e8e93
00c00e13
2fd31063
00000213
00f000b7
00b00137
0220a1b3
00000013
00000013
00018313
00120213
00200293
fe5210e3
0000aeb7
500e8e93
00d00e13
2bd31463
00000213
00d000b7
00b00137
0220a1b3
00120213
00200293
fe5216e3
00009eb7
f00e8e93
00e00e13
27d19e63
00000213
00e000b7
00b00137
00000013
0220a1b3
00120213
00200293
fe5214e3
0000aeb7
a00e8e93
00f00e13
25d19663
00000213
00f000b7
00b00137
00000013
00000013
0220a1b3
00120213
00200293
fe5212e3
0000aeb7
500e8e93
01000e13
21d19c63
00000213
00d000b7
00000013
00b00137
0220a1b3
00120213
00200293
fe5214e3
00009eb7
f00e8e93
01100e13
1fd19463
00000213
00e000b7
00000013
00b00137
00000013
0220a1b3
00120213
00200293
fe5212e3
0000aeb7
a00e8e93
01200e13
1bd19a63
00000213
00f000b7
00000013
00000013
00b00137
0220a1b3
00120213
00200293
fe5212e3
0000aeb7
500e8e93
01300e13
19d19063
00000213
00b00137
00d000b7
0220a1b3
00120213
00200293
fe5216e3
00009eb7
f00e8e93
01400e13
15d19a63
00000213
00b00137
00e000b7
00000013
0220a1b3
00120213
00200293
fe5214e3
0000aeb7
a00e8e93
01500e13
13d19263
00000213
00b00137
00f000b7
00000013
00000013
0220a1b3
00120213
00200293
fe5212e3
0000aeb7
500e8e93
01600e13
0fd19863
00000213
00b00137
00000013
00d000b7
0220a1b3
00120213
00200293
fe5214e3
00009eb7
f00e8e93
01700e13
0dd19063
00000213
00b00137
00000013
00e000b7
00000013
0220a1b3
00120213
00200293
fe5212e3
0000aeb7
a00e8e93
01800e13
09d19663
00000213
00b00137
00000013
00000013
00f000b7
0220a1b3
00120213
00200293
fe5212e3
0000aeb7
500e8e93
01900e13
05d19c63
7c0000b7
02102133
00000e93
01a00e13
05d11263
800000b7
0200a133
00000e93
01b00e13
03d11863
020020b3
00000e93
01c00e13
03d09063
021000b7
02200137
0220a033
00000e93
01d00e13
01d01463
03c01a63
10000537
04500593
05200613
04f00693
00a00713
00b52023
00c52023
00c52023
00d52023
00c52023
00e52023
00100073
10000537
04f00593
04b00613
00a00693
00b52023
00c52023
00d52023
a9bfa06f
00006537
c1850513
10000637
00050583
00058c63
00b62023
00150513
ff1ff06f
686c756d
00000075
02e00593
00b62023
00b62023
00000093
00000113
0220b1b3
00000e93
00200e13
4bd19a63
00100093
00100113
0220b1b3
00000e93
00300e13
49d19e63
00300093
00700113
0220b1b3
00000e93
00400e13
49d19263
00000093
ffff8137
0220b1b3
00000e93
00500e13
47d19663
800000b7
00000113
0220b1b3
00000e93
00600e13
45d19a63
800000b7
ffff8137
0220b1b3
7fffceb7
00700e13
43d19e63
aaaab0b7
aab08093
00030137
e7d10113
0220b1b3
00020eb7
efee8e93
01e00e13
41d19c63
000300b7
e7d08093
aaaab137
aab10113
0220b1b3
00020eb7
efee8e93
01f00e13
3fd19a63
ff0000b7
ff000137
0220b1b3
fe010eb7
02000e13
3dd19e63
fff00093
fff00113
0220b1b3
ffe00e93
02100e13
3dd19263
fff00093
00100113
0220b1b3
00000e93
02200e13
3bd19663
00100093
fff00113
0220b1b3
00000e93
02300e13
39d19a63
00d000b7
00b00137
0220b0b3
00009eb7
f00e8e93
00800e13
37d09c63
00e000b7
00b00137
0220b133
0000aeb7
a00e8e93
00900e13
35d11e63
00d000b7
0210b0b3
0000beb7
900e8e93
00a00e13
35d09263
00000213
00d000b7
00b00137
0220b1b3
00018313
00120213
00200293
fe5214e3
00009eb7
f00e8e93
00b00e13
31d31a63
00000213
00e000b7
00b00137
0220b1b3
00000013
00018313
00120213
00200293
fe5212e3
0000aeb7
a00e8e93
00c00e13
2fd31063
00000213
00f000b7
00b00137
0220b1b3
00000013
00000013
00018313
00120213
00200293
fe5210e3
0000aeb7
500e8e93
00d00e13
2bd31463
00000213
00d000b7
00b00137
0220b1b3
00120213
00200293
fe5216e3
00009eb7
f00e8e93
00e00e13
27d19e63
00000213
00e000b7
00b00137
00000013
0220b1b3
00120213
00200293
fe5214e3
0000aeb7
a00e8e93
00f00e13
25d19663
00000213
00f000b7
00b00137
00000013
00000013
0220b1b3
00120213
00200293
fe5212e3
0000aeb7
500e8e93
01000e13
21d19c63
00000213
00d000b7
00000013
00b00137
0220b1b3
00120213
00200293
fe5214e3
00009eb7
f00e8e93
01100e13
1fd19463
00000213
00e000b7
00000013
00b00137
00000013
0220b1b3
00120213
00200293
fe5212e3
0000aeb7
a00e8e93
01200e13
1bd19a63
00000213
00f000b7
00000013
00000013
00b00137
0220b1b3
00120213
00200293
fe5212e3
0000aeb7
500e8e93
01300e13
19d19063
00000213
00b00137
00d000b7
0220b1b3
00120213
00200293
fe5216e3
00009eb7
f00e8e93
01400e13
15d19a63
00000213
00b00137
00e000b7
00000013
0220b1b3
00120213
00200293
fe5214e3
0000aeb7
a00e8e93
01500e13
13d19263
00000213
00b00137
00f000b7
00000013
00000013
0220b1b3
00120213
00200293
fe5212e3
0000aeb7
500e8e93
01600e13
0fd19863
00000213
00b00137
00000013
00d000b7
0220b1b3
00120213
00200293
fe5214e3
00009eb7
f00e8e93
01700e13
0dd19063
00000213
00b00137
00000013
00e000b7
00000013
0220b1b3
00120213
00200293
fe5212e3
0000aeb7
a00e8e93
01800e13
09d19663
00000213
00b00137
00000013
00000013
00f000b7
0220b1b3
00120213
00200293
fe5212e3
0000aeb7
500e8e93
01900e13
05d19c63
7c0000b7
02103133
00000e93
01a00e13
05d11263
800000b7
0200b133
00000e93
01b00e13
03d11863
020030b3
00000e93
01c00e13
03d09063
021000b7
02200137
0220b033
00000e93
01d00e13
01d01463
03c01a63
10000537
04500593
05200613
04f00693
00a00713
00b52023
00c52023
00c52023
00d52023
00c52023
00e52023
00100073
10000537
04f00593
04b00613
00a00693
00b52023
00c52023
00d52023
d5afa06f
00006537
16450513
10000637
00050583
00058a63
00b62023
00150513
ff1ff06f
0000726f
02e00593
00b62023
00b62023
ff0100b7
f0008093
0f0f1137
f0f10113
0020e1b3
ff100eb7
f0fe8e93
00200e13
4bd19263
0ff010b7
ff008093
f0f0f137
0f010113
0020e1b3
fff10eb7
ff0e8e93
00300e13
49d19063
00ff00b7
0ff08093
0f0f1137
f0f10113
0020e1b3
0fff1eb7
fffe8e93
00400e13
45d19e63
f00ff0b7
00f08093
f0f0f137
0f010113
0020e1b3
f0fffeb7
0ffe8e93
00500e13
43d19c63
ff0100b7
f0008093
0f0f1137
f0f10113
0020e0b3
ff100eb7
f0fe8e93
00600e13
41d09a63
ff0100b7
f0008093
0f0f1137
f0f10113
0020e133
ff100eb7
f0fe8e93
00700e13
3fd11863
ff0100b7
f0008093
0010e0b3
ff010eb7
f00e8e93
00800e13
3dd09a63
00000213
ff0100b7
f0008093
0f0f1137
f0f10113
0020e1b3
00018313
00120213
00200293
fe5210e3
ff100eb7
f0fe8e93
00900e13
39d31e63
00000213
0ff010b7
ff008093
f0f0f137
0f010113
0020e1b3
00000013
00018313
00120213
00200293
fc521ee3
fff10eb7
ff0e8e93
00a00e13
37d31063
00000213
00ff00b7
0ff08093
0f0f1137
f0f10113
0020e1b3
00000013
00000013
00018313
00120213
00200293
fc521ce3
0fff1eb7
fffe8e93
00b00e13
33d31063
00000213
ff0100b7
f0008093
0f0f1137
f0f10113
0020e1b3
00120213
00200293
fe5212e3
ff100eb7
f0fe8e93
00c00e13
2fd19663
00000213
0ff010b7
ff008093
f0f0f137
0f010113
00000013
0020e1b3
00120213
00200293
fe5210e3
fff10eb7
ff0e8e93
00d00e13
2bd19a63
00000213
00ff00b7
0ff08093
0f0f1137
f0f10113
00000013
00000013
0020e1b3
00120213
00200293
fc521ee3
0fff1eb7
fffe8e93
00e00e13
27d19c63
00000213
ff0100b7
f0008093
00000013
0f0f1137
f0f10113
0020e1b3
00120213
00200293
fe5210e3
ff100eb7
f0fe8e93
00f00e13
25d19063
00000213
0ff010b7
ff008093
00000013
f0f0f137
0f010113
00000013
0020e1b3
00120213
00200293
fc521ee3
fff10eb7
ff0e8e93
01000e13
21d19263
00000213
00ff00b7
0ff08093
00000013
00000013
0f0f1137
f0f10113
0020e1b3
00120213
00200293
fc521ee3
0fff1eb7
fffe8e93
01100e13
1dd19463
00000213
0f0f1137
f0f10113
ff0100b7
f0008093
0020e1b3
00120213
00200293
fe5212e3
ff100eb7
f0fe8e93
01200e13
19d19a63
00000213
f0f0f137
0f010113
0ff010b7
ff008093
00000013
0020e1b3
00120213
00200293
fe5210e3
fff10eb7
ff0e8e93
01300e13
15d19e63
00000213
0f0f1137
f0f10113
00ff00b7
0ff08093
00000013
00000013
0020e1b3
00120213
00200293
fc521ee3
0fff1eb7
fffe8e93
01400e13
13d19063
00000213
0f0f1137
f0f10113
00000013
ff0100b7
f0008093
0020e1b3
00120213
00200293
fe5210e3
ff100eb7
f0fe8e93
01500e13
0fd19463
00000213
f0f0f137
0f010113
00000013
0ff010b7
ff008093
00000013
0020e1b3
00120213
00200293
fc521ee3
fff10eb7
ff0e8e93
01600e13
0bd19663
00000213
0f0f1137
f0f10113
00000013
00000013
00ff00b7
0ff08093
0020e1b3
00120213
00200293
fc521ee3
0fff1eb7
fffe8e93
01700e13
07d19863
ff0100b7
f0008093
00106133
ff010eb7
f00e8e93
01800e13
05d11a63
00ff00b7
0ff08093
0000e133
00ff0eb7
0ffe8e93
01900e13
03d11c63
000060b3
00000e93
01a00e13
03d09463
111110b7
11108093
22222137
22210113
0020e033
00000e93
01b00e13
01d01463
03c01a63
10000537
04500593
05200613
04f00693
00a00713
00b52023
00c52023
00c52023
00d52023
00c52023
00e52023
00100073
10000537
04f00593
04b00613
00a00693
00b52023
00c52023
00d52023
fe7f906f
00006537
6a850513
10000637
00050583
00058a63
00b62023
00150513
ff1ff06f
0069726f
02e00593
00b62023
00b62023
ff0100b7
f0008093
f0f0e193
f0f00e93
00200e13
1dd19463
0ff010b7
ff008093
0f00e193
0ff01eb7
ff0e8e93
00300e13
1bd19663
00ff00b7
0ff08093
70f0e193
00ff0eb7
7ffe8e93
00400e13
19d19863
f00ff0b7
00f08093
0f00e193
f00ffeb7
0ffe8e93
00500e13
17d19a63
ff0100b7
f0008093
0f00e093
ff010eb7
ff0e8e93
00600e13
15d09c63
00000213
0ff010b7
ff008093
0f00e193
00018313
00120213
00200293
fe5214e3
0ff01eb7
ff0e8e93
00700e13
13d31463
00000213
00ff00b7
0ff08093
70f0e193
00000013
00018313
00120213
00200293
fe5212e3
00ff0eb7
7ffe8e93
00800e13
0fd31a63
00000213
f00ff0b7
00f08093
0f00e193
00000013
00000013
00018313
00120213
00200293
fe5210e3
f00ffeb7
0ffe8e93
00900e13
0bd31e63
00000213
0ff010b7
ff008093
0f00e193
00120213
00200293
fe5216e3
0ff01eb7
ff0e8e93
00a00e13
09d19863
00000213
00ff00b7
0ff08093
00000013
f0f0e193
00120213
00200293
fe5214e3
fff00e93
00b00e13
07d19263
00000213
f00ff0b7
00f08093
00000013
00000013
0f00e193
00120213
00200293
fe5212e3
f00ffeb7
0ffe8e93
00c00e13
03d19863
0f006093
0f000e93
00d00e13
03d09063
00ff00b7
0ff08093
70f0e013
00000e93
00e00e13
01d01463
03c01a63
10000537
04500593
05200613
04f00693
00a00713
00b52023
00c52023
00c52023
00d52023
00c52023
00e52023
00100073
10000537
04f00593
04b00613
00a00693
00b52023
00c52023
00d52023
cfbf906f
00007537
90450513
10000637
00050583
00058a63
00b62023
00150513
ff1ff06f
006d6572
02e00593
00b62023
00b62023
01400093
00600113
0220e1b3
00200e93
00200e13
0dd19463
fec00093
00600113
0220e1b3
ffe00e93
00300e13
0bd19863
01400093
ffa00113
0220e1b3
00200e93
00400e13
09d19c63
fec00093
ffa00113
0220e1b3
ffe00e93
00500e13
09d19063
800000b7
00100113
0220e1b3
00000e93
00600e13
07d19463
800000b7
fff00113
0220e1b3
00000e93
00700e13
05d19863
800000b7
00000113
0220e1b3
80000eb7
00800e13
03d19c63
00100093
00000113
0220e1b3
00100e93
00900e13
03d19063
00000093
00000113
0220e1b3
00000e93
00a00e13
01d19463
03c01a63
10000537
04500593
05200613
04f00693
00a00713
00b52023
00c52023
00c52023
00d52023
00c52023
00e52023
00100073
10000537
04f00593
04b00613
00a00693
00b52023
00c52023
00d52023
c8ff906f
00007537
a6050513
10000637
00050583
00058c63
00b62023
00150513
ff1ff06f
756d6572
00000000
02e00593
00b62023
00b62023
01400093
00600113
0220f1b3
00200e93
00200e13
0dd19463
fec00093
00600113
0220f1b3
00200e93
00300e13
0bd19863
01400093
ffa00113
0220f1b3
01400e93
00400e13
09d19c63
fec00093
ffa00113
0220f1b3
fec00e93
00500e13
09d19063
800000b7
00100113
0220f1b3
00000e93
00600e13
07d19463
800000b7
fff00113
0220f1b3
80000eb7
00700e13
05d19863
800000b7
00000113
0220f1b3
80000eb7
00800e13
03d19c63
00100093
00000113
0220f1b3
00100e93
00900e13
03d19063
00000093
00000113
0220f1b3
00000e93
00a00e13
01d19463
03c01a63
10000537
04500593
05200613
04f00693
00a00713
00b52023
00c52023
00c52023
00d52023
00c52023
00e52023
00100073
10000537
04f00593
04b00613
00a00693
00b52023
00c52023
00d52023
b3bf906f
00007537
bc050513
10000637
00050583
00058a63
00b62023
00150513
ff1ff06f
00006273
02e00593
00b62023
00b62023
00006097
a4408093
faa00113
00208023
00008183
faa00e93
00200e13
3dd19c63
00006097
a2408093
00000113
002080a3
00108183
00000e93
00300e13
3bd19c63
00006097
a0408093
fffff137
fa010113
00208123
00209183
fffffeb7
fa0e8e93
00400e13
39d19863
00006097
9dc08093
00a00113
002081a3
00308183
00a00e93
00500e13
37d19863
00006097
9c308093
faa00113
fe208ea3
ffd08183
faa00e93
00600e13
35d19863
00006097
9a308093
00000113
fe208f23
ffe08183
00000e93
00700e13
33d19863
00006097
98308093
fa000113
fe208fa3
fff08183
fa000e93
00800e13
31d19863
00006097
96308093
00a00113
00208023
00008183
00a00e93
00900e13
2fd19863
00006097
94408093
12345137
67810113
fe008213
02220023
00008183
07800e93
00a00e13
2dd19463
00006097
91c08093
00003137
09810113
ffa08093
002083a3
00006217
90520213
00020183
f9800e93
00b00e13
29d19c63
00c00e13
00000213
fdd00093
00006117
8d810113
00110023
00010183
fdd00e93
27d19a63
00120213
00200293
fc521ee3
00d00e13
00000213
fcd00093
00006117
8a810113
00000013
001100a3
00110183
fcd00e93
25d19063
00120213
00200293
fc521ce3
00e00e13
00000213
fcc00093
00006117
87410113
00000013
00000013
00110123
00210183
fcc00e93
21d19463
00120213
00200293
fc521ae3
00f00e13
00000213
fbc00093
00000013
00006117
83810113
001101a3
00310183
fbc00e93
1dd19a63
00120213
00200293
fc521ce3
01000e13
00000213
fbb00093
00000013
00006117
80410113
00000013
00110223
00410183
fbb00e93
19d19e63
00120213
00200293
fc521ae3
01100e13
00000213
fab00093
00000013
00000013
00005117
7c810113
001102a3
00510183
fab00e93
17d19263
00120213
00200293
fc521ae3
01200e13
00000213
00005117
79c10113
03300093
00110023
00010183
03300e93
13d19a63
00120213
00200293
fc521ee3
01300e13
00000213
00005117
76c10113
02300093
00000013
001100a3
00110183
02300e93
11d19063
00120213
00200293
fc521ce3
01400e13
00000213
00005117
73810113
02200093
00000013
00000013
00110123
00210183
02200e93
0dd19463
00120213
00200293
fc521ae3
01500e13
00000213
00005117
70010113
00000013
01200093
001101a3
00310183
01200e93
09d19a63
00120213
00200293
fc521ce3
01600e13
00000213
00005117
6cc10113
00000013
01100093
00000013
00110223
00410183
01100e93
05d19e63
00120213
00200293
fc521ae3
01700e13
00000213
00005117
69410113
00000013
00000013
00100093
001102a3
00510183
00100e93
03d19263
00120213
00200293
fc521ae3
0ef00513
00005597
66058593
00a581a3
03c01a63
10000537
04500593
05200613
04f00693
00a00713
00b52023
00c52023
00c52023
00d52023
00c52023
00e52023
00100073
10000537
04f00593
04b00613
00a00693
00b52023
00c52023
00d52023
d82f906f
00007537
03450513
10000637
00050583
00058a63
00b62023
00150513
ff1ff06f
00006873
02e00593
00b62023
00b62023
00005097
60408093
0aa00113
00209023
00009183
0aa00e93
00200e13
45d19e63
00005097
5e408093
ffffb137
a0010113
00209123
00209183
ffffbeb7
a00e8e93
00300e13
43d19a63
00005097
5bc08093
beef1137
aa010113
00209223
0040a183
beef1eb7
aa0e8e93
00400e13
41d19663
00005097
59408093
ffffa137
00a10113
00209323
00609183
ffffaeb7
00ae8e93
00500e13
3fd19263
00005097
57a08093
0aa00113
fe209d23
ffa09183
0aa00e93
00600e13
3dd19263
00005097
55a08093
ffffb137
a0010113
fe209e23
ffc09183
ffffbeb7
a00e8e93
00700e13
39d19e63
00005097
53208093
00001137
aa010113
fe209f23
ffe09183
00001eb7
aa0e8e93
00800e13
37d19a63
00005097
50a08093
ffffa137
00a10113
00209023
00009183
ffffaeb7
00ae8e93
00900e13
35d19663
00005097
4e408093
12345137
67810113
fe008213
02221023
00009183
00005eb7
678e8e93
00a00e13
33d19063
00005097
4b808093
00003137
09810113
ffb08093
002093a3
00005217
4a220213
00021183
00003eb7
098e8e93
00b00e13
2fd19663
00c00e13
00000213
ffffd0b7
cdd08093
00005117
46410113
00111023
00011183
ffffdeb7
cdde8e93
2dd19063
00120213
00200293
fc521ae3
00d00e13
00000213
ffffc0b7
ccd08093
00005117
42c10113
00000013
00111123
00211183
ffffceb7
ccde8e93
29d19263
00120213
00200293
fc5218e3
00e00e13
00000213
ffffc0b7
bcc08093
00005117
3f010113
00000013
00000013
00111223
00411183
ffffceb7
bcce8e93
25d19263
00120213
00200293
fc5216e3
00f00e13
00000213
ffffb0b7
bbc08093
00000013
00005117
3ac10113
00111323
00611183
ffffbeb7
bbce8e93
21d19463
00120213
00200293
fc5218e3
01000e13
00000213
ffffb0b7
abb08093
00000013
00005117
37010113
00000013
00111423
00811183
ffffbeb7
abbe8e93
1dd19463
00120213
00200293
fc5216e3
01100e13
00000213
ffffe0b7
aab08093
00000013
00000013
00005117
32c10113
00111523
00a11183
ffffeeb7
aabe8e93
19d19463
00120213
00200293
fc5216e3
01200e13
00000213
00005117
2fc10113
000020b7
23308093
00111023
00011183
00002eb7
233e8e93
15d19863
00120213
00200293
fc521ae3
01300e13
00000213
00005117
2c410113
000010b7
22308093
00000013
00111123
00211183
00001eb7
223e8e93
11d19a63
00120213
00200293
fc5218e3
01400e13
00000213
00005117
28810113
000010b7
12208093
00000013
00000013
00111223
00411183
00001eb7
122e8e93
0dd19a63
00120213
00200293
fc5216e3
01500e13
00000213
00005117
24810113
00000013
11200093
00111323
00611183
11200e93
0bd19063
00120213
00200293
fc521ce3
01600e13
00000213
00005117
21410113
00000013
01100093
00000013
00111423
00811183
01100e93
07d19463
00120213
00200293
fc521ae3
01700e13
00000213
00005117
1dc10113
00000013
00000013
000030b7
00108093
00111523
00a11183
00003eb7
001e8e93
03d19463
00120213
00200293
fc5216e3
0000c537
eef50513
00005597
19c58593
00a59323
03c01a63
10000537
04500593
05200613
04f00693
00a00713
00b52023
00c52023
00c52023
00d52023
00c52023
00e52023
00100073
10000537
04f00593
04b00613
00a00693
00b52023
00c52023
00d52023
896f906f
00007537
52c50513
10000637
00050583
00058c63
00b62023
00150513
ff1ff06f
706d6973
0000656c
02e00593
00b62023
00b62023
10000537
04f00593
04b00613
00a00693
00b52023
00c52023
00d52023
986f906f
00007537
58050513
10000637
00050583
00058a63
00b62023
00150513
ff1ff06f
006c6c73
02e00593
00b62023
00b62023
00100093
00000113
002091b3
00100e93
00200e13
55d19c63
00100093
00100113
002091b3
00200e93
00300e13
55d19063
00100093
00700113
002091b3
08000e93
00400e13
53d19463
00100093
00e00113
002091b3
00004eb7
00500e13
51d19863
00100093
01f00113
002091b3
80000eb7
00600e13
4fd19c63
fff00093
00000113
002091b3
fff00e93
00700e13
4fd19063
fff00093
00100113
002091b3
ffe00e93
00800e13
4dd19463
fff00093
00700113
002091b3
f8000e93
00900e13
4bd19863
fff00093
00e00113
002091b3
ffffceb7
00a00e13
49d19c63
fff00093
01f00113
002091b3
80000eb7
00b00e13
49d19063
212120b7
12108093
00000113
002091b3
21212eb7
121e8e93
00c00e13
47d19063
212120b7
12108093
00100113
002091b3
42424eb7
242e8e93
00d00e13
45d19063
212120b7
12108093
00700113
002091b3
90909eb7
080e8e93
00e00e13
43d19063
212120b7
12108093
00e00113
002091b3
48484eb7
00f00e13
41d19263
212120b7
12108093
01f00113
002091b3
80000eb7
01000e13
3fd19463
212120b7
12108093
fe000113
002091b3
21212eb7
121e8e93
01100e13
3dd19463
212120b7
12108093
fe100113
002091b3
42424eb7
242e8e93
01200e13
3bd19463
212120b7
12108093
fe700113
002091b3
90909eb7
080e8e93
01300e13
39d19463
212120b7
12108093
fee00113
002091b3
48484eb7
01400e13
37d19663
212120b7
12008093
fff00113
002091b3
00000e93
01500e13
35d19863
00100093
00700113
002090b3
08000e93
01600e13
33d09c63
00100093
00e00113
00209133
00004eb7
01700e13
33d11063
00300093
001090b3
01800e93
01800e13
31d09663
00000213
00100093
00700113
002091b3
00018313
00120213
00200293
fe5214e3
08000e93
01900e13
2fd31063
00000213
00100093
00e00113
002091b3
00000013
00018313
00120213
00200293
fe5212e3
00004eb7
01a00e13
2bd31863
00000213
00100093
01f00113
002091b3
00000013
00000013
00018313
00120213
00200293
fe5210e3
80000eb7
01b00e13
27d31e63
00000213
00100093
00700113
002091b3
00120213
00200293
fe5216e3
08000e93
01c00e13
25d19a63
00000213
00100093
00e00113
00000013
002091b3
00120213
00200293
fe5214e3
00004eb7
01d00e13
23d19463
00000213
00100093
01f00113
00000013
00000013
002091b3
00120213
00200293
fe5212e3
80000eb7
01e00e13
1fd19c63
00000213
00100093
00000013
00700113
002091b3
00120213
00200293
fe5214e3
08000e93
01f00e13
1dd19663
00000213
00100093
00000013
00e00113
00000013
002091b3
00120213
00200293
fe5212e3
00004eb7
02000e13
19d19e63
00000213
00100093
00000013
00000013
01f00113
002091b3
00120213
00200293
fe5212e3
80000eb7
02100e13
17d19663
00000213
00700113
00100093
002091b3
00120213
00200293
fe5216e3
08000e93
02200e13
15d19263
00000213
00e00113
00100093
00000013
002091b3
00120213
00200293
fe5214e3
00004eb7
02300e13
11d19c63
00000213
01f00113
00100093
00000013
00000013
002091b3
00120213
00200293
fe5212e3
80000eb7
02400e13
0fd19463
00000213
00700113
00000013
00100093
002091b3
00120213
00200293
fe5214e3
08000e93
02500e13
0bd19e63
00000213
00e00113
00000013
00100093
00000013
002091b3
00120213
00200293
fe5212e3
00004eb7
02600e13
09d19663
00000213
01f00113
00000013
00000013
00100093
002091b3
00120213
00200293
fe5212e3
80000eb7
02700e13
05d19e63
00f00093
00101133
00000e93
02800e13
05d11463
02000093
00009133
02000e93
02900e13
03d11a63
000010b3
00000e93
02a00e13
03d09263
40000093
00001137
80010113
00209033
00000e93
02b00e13
01d01463
03c01a63
10000537
04500593
05200613
04f00693
00a00713
00b52023
00c52023
00c52023
00d52023
00c52023
00e52023
00100073
10000537
04f00593
04b00613
00a00693
00b52023
00c52023
00d52023
ae7f806f
00008537
b6c50513
10000637
00050583
00058c63
00b62023
00150513
ff1ff06f
696c6c73
00000000
02e00593
00b62023
00b62023
00100093
00009193
00100e93
00200e13
27d19a63
00100093
00109193
00200e93
00300e13
27d19063
00100093
00709193
08000e93
00400e13
25d19663
00100093
00e09193
00004eb7
00500e13
23d19c63
00100093
01f09193
80000eb7
00600e13
23d19263
fff00093
00009193
fff00e93
00700e13
21d19863
fff00093
00109193
ffe00e93
00800e13
1fd19e63
fff00093
00709193
f8000e93
00900e13
1fd19463
fff00093
00e09193
ffffceb7
00a00e13
1dd19a63
fff00093
01f09193
80000eb7
00b00e13
1dd19063
212120b7
12108093
00009193
21212eb7
121e8e93
00c00e13
1bd19263
212120b7
12108093
00109193
42424eb7
242e8e93
00d00e13
19d19463
212120b7
12108093
00709193
90909eb7
080e8e93
00e00e13
17d19663
212120b7
12108093
00e09193
48484eb7
00f00e13
15d19a63
212120b7
12108093
01f09193
80000eb7
01000e13
13d19e63
00100093
00709093
08000e93
01100e13
13d09463
00000213
00100093
00709193
00018313
00120213
00200293
fe5216e3
08000e93
01200e13
11d31063
00000213
00100093
00e09193
00000013
00018313
00120213
00200293
fe5214e3
00004eb7
01300e13
0dd31a63
00000213
00100093
01f09193
00000013
00000013
00018313
00120213
00200293
fe5212e3
80000eb7
01400e13
0bd31263
00000213
00100093
00709193
00120213
00200293
fe5218e3
08000e93
01500e13
09d19063
00000213
00100093
00000013
00e09193
00120213
00200293
fe5216e3
00004eb7
01600e13
05d19c63
00000213
00100093
00000013
00000013
01f09193
00120213
00200293
fe5214e3
80000eb7
01700e13
03d19663
01f01093
00000e93
01800e13
01d09e63
02100093
01409013
00000e93
01900e13
01d01463
03c01a63
10000537
04500593
05200613
04f00693
00a00713
00b52023
00c52023
00c52023
00d52023
00c52023
00e52023
00100073
10000537
04f00593
04b00613
00a00693
00b52023
00c52023
00d52023
fa2f806f
00008537
e7450513
10000637
00050583
00058a63
00b62023
00150513
ff1ff06f
00746c73
02e00593
00b62023
00b62023
00000093
00000113
0020a1b3
00000e93
00200e13
4bd19a63
00100093
00100113
0020a1b3
00000e93
00300e13
49d19e63
00300093
00700113
0020a1b3
00100e93
00400e13
49d19263
00700093
00300113
0020a1b3
00000e93
00500e13
47d19663
00000093
ffff8137
0020a1b3
00000e93
00600e13
45d19a63
800000b7
00000113
0020a1b3
00100e93
00700e13
43d19e63
800000b7
ffff8137
0020a1b3
00100e93
00800e13
43d19263
00000093
00008137
fff10113
0020a1b3
00100e93
00900e13
41d19463
800000b7
fff08093
00000113
0020a1b3
00000e93
00a00e13
3fd19663
800000b7
fff08093
00008137
fff10113
0020a1b3
00000e93
00b00e13
3dd19663
800000b7
00008137
fff10113
0020a1b3
00100e93
00c00e13
3bd19863
800000b7
fff08093
ffff8137
0020a1b3
00000e93
00d00e13
39d19a63
00000093
fff00113
0020a1b3
00000e93
00e00e13
37d19e63
fff00093
00100113
0020a1b3
00100e93
00f00e13
37d19263
fff00093
fff00113
0020a1b3
00000e93
01000e13
35d19663
00e00093
00d00113
0020a0b3
00000e93
01100e13
33d09a63
00b00093
00d00113
0020a133
00100e93
01200e13
31d11e63
00d00093
0010a0b3
00000e93
01300e13
31d09463
00000213
00b00093
00d00113
0020a1b3
00018313
00120213
00200293
fe5214e3
00100e93
01400e13
2dd31e63
00000213
00e00093
00d00113
0020a1b3
00000013
00018313
00120213
00200293
fe5212e3
00000e93
01500e13
2bd31663
00000213
00c00093
00d00113
0020a1b3
00000013
00000013
00018313
00120213
00200293
fe5210e3
00100e93
01600e13
27d31c63
00000213
00e00093
00d00113
0020a1b3
00120213
00200293
fe5216e3
00000e93
01700e13
25d19863
00000213
00b00093
00d00113
00000013
0020a1b3
00120213
00200293
fe5214e3
00100e93
01800e13
23d19263
00000213
00f00093
00d00113
00000013
00000013
0020a1b3
00120213
00200293
fe5212e3
00000e93
01900e13
1fd19a63
00000213
00a00093
00000013
00d00113
0020a1b3
00120213
00200293
fe5214e3
00100e93
01a00e13
1dd19463
00000213
01000093
00000013
00d00113
00000013
0020a1b3
00120213
00200293
fe5212e3
00000e93
01b00e13
19d19c63
00000213
00900093
00000013
00000013
00d00113
0020a1b3
00120213
00200293
fe5212e3
00100e93
01c00e13
17d19463
00000213
00d00113
01100093
0020a1b3
00120213
00200293
fe5216e3
00000e93
01d00e13
15d19063
00000213
00d00113
00800093
00000013
0020a1b3
00120213
00200293
fe5214e3
00100e93
01e00e13
11d19a63
00000213
00d00113
01200093
00000013
00000013
0020a1b3
00120213
00200293
fe5212e3
00000e93
01f00e13
0fd19263
00000213
00d00113
00000013
00700093
0020a1b3
00120213
00200293
fe5214e3
00100e93
02000e13
0bd19c63
00000213
00d00113
00000013
01300093
00000013
0020a1b3
00120213
00200293
fe5212e3
00000e93
02100e13
09d19463
00000213
00d00113
00000013
00000013
00600093
0020a1b3
00120213
00200293
fe5212e3
00100e93
02200e13
05d19c63
fff00093
00102133
00000e93
02300e13
05d11263
fff00093
0000a133
00100e93
02400e13
03d11863
000020b3
00000e93
02500e13
03d09063
01000093
01e00113
0020a033
00000e93
02600e13
01d01463
03c01a63
10000537
04500593
05200613
04f00693
00a00713
00b52023
00c52023
00c52023
00d52023
00c52023
00e52023
00100073
10000537
04f00593
04b00613
00a00693
00b52023
00c52023
00d52023
aa2f806f
00008537
3bc50513
10000637
00050583
00058c63
00b62023
00150513
ff1ff06f
69746c73
00000000
02e00593
00b62023
00b62023
00000093
0000a193
00000e93
00200e13
27d19263
00100093
0010a193
00000e93
00300e13
25d19863
00300093
0070a193
00100e93
00400e13
23d19e63
00700093
0030a193
00000e93
00500e13
23d19463
00000093
8000a193
00000e93
00600e13
21d19a63
800000b7
0000a193
00100e93
00700e13
21d19063
800000b7
8000a193
00100e93
00800e13
1fd19663
00000093
7ff0a193
00100e93
00900e13
1dd19c63
800000b7
fff08093
0000a193
00000e93
00a00e13
1dd19063
800000b7
fff08093
7ff0a193
00000e93
00b00e13
1bd19463
800000b7
7ff0a193
00100e93
00c00e13
19d19a63
800000b7
fff08093
8000a193
00000e93
00d00e13
17d19e63
00000093
fff0a193
00000e93
00e00e13
17d19463
fff00093
0010a193
00100e93
00f00e13
15d19a63
fff00093
fff0a193
00000e93
01000e13
15d19063
00b00093
00d0b093
00100e93
01100e13
13d09663
00000213
00f00093
00a0a193
00018313
00120213
00200293
fe5216e3
00000e93
01200e13
11d31263
00000213
00a00093
0100a193
00000013
00018313
00120213
00200293
fe5214e3
00100e93
01300e13
0dd31c63
00000213
01000093
0090a193
00000013
00000013
00018313
00120213
00200293
fe5212e3
00000e93
01400e13
0bd31463
00000213
00b00093
00f0a193
00120213
00200293
fe5218e3
00100e93
01500e13
09d19263
00000213
01100093
00000013
0080a193
00120213
00200293
fe5216e3
00000e93
01600e13
05d19e63
00000213
00c00093
00000013
00000013
00e0a193
00120213
00200293
fe5214e3
00100e93
01700e13
03d19863
fff02093
00000e93
01800e13
03d09063
00ff00b7
0ff08093
fff0a013
00000e93
01900e13
01d01463
03c01a63
10000537
04500593
05200613
04f00693
00a00713
00b52023
00c52023
00c52023
00d52023
00c52023
00e52023
00100073
10000537
04f00593
04b00613
00a00693
00b52023
00c52023
00d52023
f33f706f
00008537
6b450513
10000637
00050583
00058a63
00b62023
00150513
ff1ff06f
00617273
02e00593
00b62023
00b62023
800000b7
00000113
4020d1b3
80000eb7
00200e13
59d19463
800000b7
00100113
4020d1b3
c0000eb7
00300e13
57d19863
800000b7
00700113
4020d1b3
ff000eb7
00400e13
55d19c63
800000b7
00e00113
4020d1b3
fffe0eb7
00500e13
55d19063
800000b7
00108093
01f00113
4020d1b3
fff00e93
00600e13
53d19263
800000b7
fff08093
00000113
4020d1b3
80000eb7
fffe8e93
00700e13
51d19263
800000b7
fff08093
00100113
4020d1b3
40000eb7
fffe8e93
00800e13
4fd19263
800000b7
fff08093
00700113
4020d1b3
01000eb7
fffe8e93
00900e13
4dd19263
800000b7
fff08093
00e00113
4020d1b3
00020eb7
fffe8e93
00a00e13
4bd19263
800000b7
fff08093
01f00113
4020d1b3
00000e93
00b00e13
49d19463
818180b7
18108093
00000113
4020d1b3
81818eb7
181e8e93
00c00e13
47d19463
818180b7
18108093
00100113
4020d1b3
c0c0ceb7
0c0e8e93
00d00e13
45d19463
818180b7
18108093
00700113
4020d1b3
ff030eb7
303e8e93
00e00e13
43d19463
818180b7
18108093
00e00113
4020d1b3
fffe0eb7
606e8e93
00f00e13
41d19463
818180b7
18108093
01f00113
4020d1b3
fff00e93
01000e13
3fd19663
818180b7
18108093
fc000113
4020d1b3
81818eb7
181e8e93
01100e13
3dd19663
818180b7
18108093
fc100113
4020d1b3
c0c0ceb7
0c0e8e93
01200e13
3bd19663
818180b7
18108093
fc700113
4020d1b3
ff030eb7
303e8e93
01300e13
39d19663
818180b7
18108093
fce00113
4020d1b3
fffe0eb7
606e8e93
01400e13
37d19663
818180b7
18108093
fff00113
4020d1b3
fff00e93
01500e13
35d19863
800000b7
00700113
4020d0b3
ff000eb7
01600e13
33d09c63
800000b7
00e00113
4020d133
fffe0eb7
01700e13
33d11063
00700093
4010d0b3
00000e93
01800e13
31d09663
00000213
800000b7
00700113
4020d1b3
00018313
00120213
00200293
fe5214e3
ff000eb7
01900e13
2fd31063
00000213
800000b7
00e00113
4020d1b3
00000013
00018313
00120213
00200293
fe5212e3
fffe0eb7
01a00e13
2bd31863
00000213
800000b7
01f00113
4020d1b3
00000013
00000013
00018313
00120213
00200293
fe5210e3
fff00e93
01b00e13
27d31e63
00000213
800000b7
00700113
4020d1b3
00120213
00200293
fe5216e3
ff000eb7
01c00e13
25d19a63
00000213
800000b7
00e00113
00000013
4020d1b3
00120213
00200293
fe5214e3
fffe0eb7
01d00e13
23d19463
00000213
800000b7
01f00113
00000013
00000013
4020d1b3
00120213
00200293
fe5212e3
fff00e93
01e00e13
1fd19c63
00000213
800000b7
00000013
00700113
4020d1b3
00120213
00200293
fe5214e3
ff000eb7
01f00e13
1dd19663
00000213
800000b7
00000013
00e00113
00000013
4020d1b3
00120213
00200293
fe5212e3
fffe0eb7
02000e13
19d19e63
00000213
800000b7
00000013
00000013
01f00113
4020d1b3
00120213
00200293
fe5212e3
fff00e93
02100e13
17d19663
00000213
00700113
800000b7
4020d1b3
00120213
00200293
fe5216e3
ff000eb7
02200e13
15d19263
00000213
00e00113
800000b7
00000013
4020d1b3
00120213
00200293
fe5214e3
fffe0eb7
02300e13
11d19c63
00000213
01f00113
800000b7
00000013
00000013
4020d1b3
00120213
00200293
fe5212e3
fff00e93
02400e13
0fd19463
00000213
00700113
00000013
800000b7
4020d1b3
00120213
00200293
fe5214e3
ff000eb7
02500e13
0bd19e63
00000213
00e00113
00000013
800000b7
00000013
4020d1b3
00120213
00200293
fe5212e3
fffe0eb7
02600e13
09d19663
00000213
01f00113
00000013
00000013
800000b7
4020d1b3
00120213
00200293
fe5212e3
fff00e93
02700e13
05d19e63
00f00093
40105133
00000e93
02800e13
05d11463
02000093
4000d133
02000e93
02900e13
03d11a63
400050b3
00000e93
02a00e13
03d09263
40000093
00001137
80010113
4020d033
00000e93
02b00e13
01d01463
03c01a63
10000537
04500593
05200613
04f00693
00a00713
00b52023
00c52023
00c52023
00d52023
00c52023
00e52023
00100073
10000537
04f00593
04b00613
00a00693
00b52023
00c52023
00d52023
9b3f706f
00009537
cd050513
10000637
00050583
00058c63
00b62023
00150513
ff1ff06f
69617273
00000000
02e00593
00b62023
00b62023
00000093
4000d193
00000e93
00200e13
2bd19463
800000b7
4010d193
c0000eb7
00300e13
29d19a63
800000b7
4070d193
ff000eb7
00400e13
29d19063
800000b7
40e0d193
fffe0eb7
00500e13
27d19663
800000b7
00108093
41f0d193
fff00e93
00600e13
25d19a63
800000b7
fff08093
4000d193
80000eb7
fffe8e93
00700e13
23d19c63
800000b7
fff08093
4010d193
40000eb7
fffe8e93
00800e13
21d19e63
800000b7
fff08093
4070d193
01000eb7
fffe8e93
00900e13
21d19063
800000b7
fff08093
40e0d193
00020eb7
fffe8e93
00a00e13
1fd19263
800000b7
fff08093
41f0d193
00000e93
00b00e13
1dd19663
818180b7
18108093
4000d193
81818eb7
181e8e93
00c00e13
1bd19863
818180b7
18108093
4010d193
c0c0ceb7
0c0e8e93
00d00e13
19d19a63
818180b7
18108093
4070d193
ff030eb7
303e8e93
00e00e13
17d19c63
818180b7
18108093
40e0d193
fffe0eb7
606e8e93
00f00e13
15d19e63
818180b7
18108093
41f0d193
fff00e93
01000e13
15d19263
800000b7
4070d093
ff000eb7
01100e13
13d09863
00000213
800000b7
4070d193
00018313
00120213
00200293
fe5216e3
ff000eb7
01200e13
11d31463
00000213
800000b7
40e0d193
00000013
00018313
00120213
00200293
fe5214e3
fffe0eb7
01300e13
0dd31e63
00000213
800000b7
00108093
41f0d193
00000013
00000013
00018313
00120213
00200293
fe5210e3
fff00e93
01400e13
0bd31463
00000213
800000b7
4070d193
00120213
00200293
fe5218e3
ff000eb7
01500e13
09d19263
00000213
800000b7
00000013
40e0d193
00120213
00200293
fe5216e3
fffe0eb7
01600e13
05d19e63
00000213
800000b7
00108093
00000013
00000013
41f0d193
00120213
00200293
fe5212e3
fff00e93
01700e13
03d19663
41f05093
00000e93
01800e13
01d09e63
02100093
4140d013
00000e93
01900e13
01d01463
03c01a63
10000537
04500593
05200613
04f00693
00a00713
00b52023
00c52023
00c52023
00d52023
00c52023
00e52023
00100073
10000537
04f00593
04b00613
00a00693
00b52023
00c52023
00d52023
e22f706f
00009537
00c50513
10000637
00050583
00058a63
00b62023
00150513
ff1ff06f
006c7273
02e00593
00b62023
00b62023
ffff80b7
00000113
0020d1b3
ffff8eb7
00200e13
5bd19463
ffff80b7
00100113
0020d1b3
7fffceb7
00300e13
59d19863
ffff80b7
00700113
0020d1b3
02000eb7
f00e8e93
00400e13
57d19a63
ffff80b7
00e00113
0020d1b3
00040eb7
ffee8e93
00500e13
55d19c63
ffff80b7
00108093
00f00113
0020d1b3
00020eb7
fffe8e93
00600e13
53d19c63
fff00093
00000113
0020d1b3
fff00e93
00700e13
53d19063
fff00093
00100113
0020d1b3
80000eb7
fffe8e93
00800e13
51d19263
fff00093
00700113
0020d1b3
02000eb7
fffe8e93
00900e13
4fd19463
fff00093
00e00113
0020d1b3
00040eb7
fffe8e93
00a00e13
4dd19663
fff00093
01f00113
0020d1b3
00100e93
00b00e13
4bd19a63
212120b7
12108093
00000113
0020d1b3
21212eb7
121e8e93
00c00e13
49d19a63
212120b7
12108093
00100113
0020d1b3
10909eb7
090e8e93
00d00e13
47d19a63
212120b7
12108093
00700113
0020d1b3
00424eb7
242e8e93
00e00e13
45d19a63
212120b7
12108093
00e00113
0020d1b3
00008eb7
484e8e93
00f00e13
43d19a63
212120b7
12108093
01f00113
0020d1b3
00000e93
01000e13
41d19c63
212120b7
12108093
fe000113
0020d1b3
21212eb7
121e8e93
01100e13
3fd19c63
212120b7
12108093
fe100113
0020d1b3
10909eb7
090e8e93
01200e13
3dd19c63
212120b7
12108093
fe700113
0020d1b3
00424eb7
242e8e93
01300e13
3bd19c63
212120b7
12108093
fee00113
0020d1b3
00008eb7
484e8e93
01400e13
39d19c63
212120b7
12108093
fff00113
0020d1b3
00000e93
01500e13
37d19e63
ffff80b7
00100113
0020d0b3
7fffceb7
01600e13
37d09263
ffff80b7
00e00113
0020d133
00040eb7
ffee8e93
01700e13
35d11463
00700093
0010d0b3
00000e93
01800e13
33d09a63
00000213
ffff80b7
00100113
0020d1b3
00018313
00120213
00200293
fe5214e3
7fffceb7
01900e13
31d31463
00000213
ffff80b7
00e00113
0020d1b3
00000013
00018313
00120213
00200293
fe5212e3
00040eb7
ffee8e93
01a00e13
2dd31a63
00000213
ffff80b7
00f00113
0020d1b3
00000013
00000013
00018313
00120213
00200293
fe5210e3
00020eb7
fffe8e93
01b00e13
29d31e63
00000213
ffff80b7
00100113
0020d1b3
00120213
00200293
fe5216e3
7fffceb7
01c00e13
27d19a63
00000213
ffff80b7
00700113
00000013
0020d1b3
00120213
00200293
fe5214e3
02000eb7
f00e8e93
01d00e13
25d19263
00000213
ffff80b7
00f00113
00000013
00000013
0020d1b3
00120213
00200293
fe5212e3
00020eb7
fffe8e93
01e00e13
21d19863
00000213
ffff80b7
00000013
00100113
0020d1b3
00120213
00200293
fe5214e3
7fffceb7
01f00e13
1fd19263
00000213
ffff80b7
00000013
00700113
00000013
0020d1b3
00120213
00200293
fe5212e3
02000eb7
f00e8e93
02000e13
1bd19863
00000213
ffff80b7
00000013
00000013
00f00113
0020d1b3
00120213
00200293
fe5212e3
00020eb7
fffe8e93
02100e13
17d19e63
00000213
00100113
ffff80b7
0020d1b3
00120213
00200293
fe5216e3
7fffceb7
02200e13
15d19a63
00000213
00700113
ffff80b7
00000013
0020d1b3
00120213
00200293
fe5214e3
02000eb7
f00e8e93
02300e13
13d19263
00000213
00f00113
ffff80b7
00000013
00000013
0020d1b3
00120213
00200293
fe5212e3
00020eb7
fffe8e93
02400e13
0fd19863
00000213
00100113
00000013
ffff80b7
0020d1b3
00120213
00200293
fe5214e3
7fffceb7
02500e13
0dd19263
00000213
00700113
00000013
ffff80b7
00000013
0020d1b3
00120213
00200293
fe5212e3
02000eb7
f00e8e93
02600e13
09d19863
00000213
00f00113
00000013
00000013
ffff80b7
0020d1b3
00120213
00200293
fe5212e3
00020eb7
fffe8e93
02700e13
05d19e63
00f00093
00105133
00000e93
02800e13
05d11463
02000093
0000d133
02000e93
02900e13
03d11a63
000050b3
00000e93
02a00e13
03d09263
40000093
00001137
80010113
0020d033
00000e93
02b00e13
01d01463
03c01a63
10000537
04500593
05200613
04f00693
00a00713
00b52023
00c52023
00c52023
00d52023
00c52023
00e52023
00100073
10000537
04f00593
04b00613
00a00693
00b52023
00c52023
00d52023
82ef706f
00009537
64850513
10000637
00050583
00058c63
00b62023
00150513
ff1ff06f
696c7273
00000000
02e00593
00b62023
00b62023
ffff80b7
0000d193
ffff8eb7
00200e13
2bd19263
ffff80b7
0010d193
7fffceb7
00300e13
29d19863
ffff80b7
0070d193
02000eb7
f00e8e93
00400e13
27d19c63
ffff80b7
00e0d193
00040eb7
ffee8e93
00500e13
27d19063
ffff80b7
00108093
00f0d193
00020eb7
fffe8e93
00600e13
25d19263
fff00093
0000d193
fff00e93
00700e13
23d19863
fff00093
0010d193
80000eb7
fffe8e93
00800e13
21d19c63
fff00093
0070d193
02000eb7
fffe8e93
00900e13
21d19063
fff00093
00e0d193
00040eb7
fffe8e93
00a00e13
1fd19463
fff00093
01f0d193
00100e93
00b00e13
1dd19a63
212120b7
12108093
0000d193
21212eb7
121e8e93
00c00e13
1bd19c63
212120b7
12108093
0010d193
10909eb7
090e8e93
00d00e13
19d19e63
212120b7
12108093
0070d193
00424eb7
242e8e93
00e00e13
19d19063
212120b7
12108093
00e0d193
00008eb7
484e8e93
00f00e13
17d19263
212120b7
12108093
01f0d193
00000e93
01000e13
15d19663
ffff80b7
0010d093
7fffceb7
01500e13
13d09c63
00000213
ffff80b7
0010d193
00018313
00120213
00200293
fe5216e3
7fffceb7
01600e13
11d31863
00000213
ffff80b7
00e0d193
00000013
00018313
00120213
00200293
fe5214e3
00040eb7
ffee8e93
01700e13
0fd31063
00000213
ffff80b7
00f0d193
00000013
00000013
00018313
00120213
00200293
fe5212e3
00020eb7
fffe8e93
01800e13
0bd31663
00000213
ffff80b7
0010d193
00120213
00200293
fe5218e3
7fffceb7
01900e13
09d19463
00000213
ffff80b7
00000013
00e0d193
00120213
00200293
fe5216e3
00040eb7
ffee8e93
01a00e13
05d19e63
00000213
ffff80b7
00000013
00000013
00f0d193
00120213
00200293
fe5214e3
00020eb7
fffe8e93
01b00e13
03d19663
01f05093
00000e93
01c00e13
01d09e63
02100093
0140d013
00000e93
01d00e13
01d01463
03c01a63
10000537
04500593
05200613
04f00693
00a00713
00b52023
00c52023
00c52023
00d52023
00c52023
00e52023
00100073
10000537
04f00593
04b00613
00a00693
00b52023
00c52023
00d52023
ca3f606f
0000a537
98050513
10000637
00050583
00058a63
00b62023
00150513
ff1ff06f
00627573
02e00593
00b62023
00b62023
00000093
00000113
402081b3
00000e93
00200e13
4bd19663
00100093
00100113
402081b3
00000e93
00300e13
49d19a63
00300093
00700113
402081b3
ffc00e93
00400e13
47d19e63
00000093
ffff8137
402081b3
00008eb7
00500e13
47d19263
800000b7
00000113
402081b3
80000eb7
00600e13
45d19663
800000b7
ffff8137
402081b3
80008eb7
00700e13
43d19a63
00000093
00008137
fff10113
402081b3
ffff8eb7
001e8e93
00800e13
41d19a63
800000b7
fff08093
00000113
402081b3
80000eb7
fffe8e93
00900e13
3fd19a63
800000b7
fff08093
00008137
fff10113
402081b3
7fff8eb7
00a00e13
3dd19a63
800000b7
00008137
fff10113
402081b3
7fff8eb7
001e8e93
00b00e13
3bd19a63
800000b7
fff08093
ffff8137
402081b3
80008eb7
fffe8e93
00c00e13
39d19a63
00000093
fff00113
402081b3
00100e93
00d00e13
37d19e63
fff00093
00100113
402081b3
ffe00e93
00e00e13
37d19263
fff00093
fff00113
402081b3
00000e93
00f00e13
35d19663
00d00093
00b00113
402080b3
00200e93
01000e13
33d09a63
00e00093
00b00113
40208133
00300e93
01100e13
31d11e63
00d00093
401080b3
00000e93
01200e13
31d09463
00000213
00d00093
00b00113
402081b3
00018313
00120213
00200293
fe5214e3
00200e93
01300e13
2dd31e63
00000213
00e00093
00b00113
402081b3
00000013
00018313
00120213
00200293
fe5212e3
00300e93
01400e13
2bd31663
00000213
00f00093
00b00113
402081b3
00000013
00000013
00018313
00120213
00200293
fe5210e3
00400e93
01500e13
27d31c63
00000213
00d00093
00b00113
402081b3
00120213
00200293
fe5216e3
00200e93
01600e13
25d19863
00000213
00e00093
00b00113
00000013
402081b3
00120213
00200293
fe5214e3
00300e93
01700e13
23d19263
00000213
00f00093
00b00113
00000013
00000013
402081b3
00120213
00200293
fe5212e3
00400e93
01800e13
1fd19a63
00000213
00d00093
00000013
00b00113
402081b3
00120213
00200293
fe5214e3
00200e93
01900e13
1dd19463
00000213
00e00093
00000013
00b00113
00000013
402081b3
00120213
00200293
fe5212e3
00300e93
01a00e13
19d19c63
00000213
00f00093
00000013
00000013
00b00113
402081b3
00120213
00200293
fe5212e3
00400e93
01b00e13
17d19463
00000213
00b00113
00d00093
402081b3
00120213
00200293
fe5216e3
00200e93
01c00e13
15d19063
00000213
00b00113
00e00093
00000013
402081b3
00120213
00200293
fe5214e3
00300e93
01d00e13
11d19a63
00000213
00b00113
00f00093
00000013
00000013
402081b3
00120213
00200293
fe5212e3
00400e93
01e00e13
0fd19263
00000213
00b00113
00000013
00d00093
402081b3
00120213
00200293
fe5214e3
00200e93
01f00e13
0bd19c63
00000213
00b00113
00000013
00e00093
00000013
402081b3
00120213
00200293
fe5212e3
00300e93
02000e13
09d19463
00000213
00b00113
00000013
00000013
00f00093
402081b3
00120213
00200293
fe5212e3
00400e93
02100e13
05d19c63
ff100093
40100133
00f00e93
02200e13
05d11263
02000093
40008133
02000e93
02300e13
03d11863
400000b3
00000e93
02400e13
03d09063
01000093
01e00113
40208033
00000e93
02500e13
01d01463
03c01a63
10000537
04500593
05200613
04f00693
00a00713
00b52023
00c52023
00c52023
00d52023
00c52023
00e52023
00100073
10000537
04f00593
04b00613
00a00693
00b52023
00c52023
00d52023
f86f606f
0000a537
ec050513
10000637
00050583
00058a63
00b62023
00150513
ff1ff06f
00007773
02e00593
00b62023
00b62023
00003097
94408093
00aa0137
0aa10113
0020a023
0000a183
00aa0eb7
0aae8e93
00200e13
47d19063
00003097
91c08093
aa00b137
a0010113
0020a223
0040a183
aa00beb7
a00e8e93
00300e13
43d19c63
00003097
8f408093
0aa01137
aa010113
0020a423
0080a183
0aa01eb7
aa0e8e93
00400e13
41d19863
00003097
8cc08093
a00aa137
00a10113
0020a623
00c0a183
a00aaeb7
00ae8e93
00500e13
3fd19463
00003097
8c008093
00aa0137
0aa10113
fe20aa23
ff40a183
00aa0eb7
0aae8e93
00600e13
3dd19063
00003097
89808093
aa00b137
a0010113
fe20ac23
ff80a183
aa00beb7
a00e8e93
00700e13
39d19c63
00003097
87008093
0aa01137
aa010113
fe20ae23
ffc0a183
0aa01eb7
aa0e8e93
00800e13
37d19863
00003097
84808093
a00aa137
00a10113
0020a023
0000a183
a00aaeb7
00ae8e93
00900e13
35d19463
00003097
82408093
12345137
67810113
fe008213
02222023
0000a183
12345eb7
678e8e93
00a00e13
31d19e63
00002097
7f808093
58213137
09810113
ffd08093
0020a3a3
00002217
7e420213
00022183
58213eb7
098e8e93
00b00e13
2fd19463
00c00e13
00000213
aabbd0b7
cdd08093
00002117
79410113
00112023
00012183
aabbdeb7
cdde8e93
2bd19e63
00120213
00200293
fc521ae3
00d00e13
00000213
daabc0b7
ccd08093
00002117
75c10113
00000013
00112223
00412183
daabceb7
ccde8e93
29d19063
00120213
00200293
fc5218e3
00e00e13
00000213
ddaac0b7
bcc08093
00002117
72010113
00000013
00000013
00112423
00812183
ddaaceb7
bcce8e93
25d19063
00120213
00200293
fc5216e3
00f00e13
00000213
cddab0b7
bbc08093
00000013
00002117
6dc10113
00112623
00c12183
cddabeb7
bbce8e93
21d19263
00120213
00200293
fc5218e3
01000e13
00000213
ccddb0b7
abb08093
00000013
00002117
6a010113
00000013
00112823
01012183
ccddbeb7
abbe8e93
1dd19263
00120213
00200293
fc5216e3
01100e13
00000213
bccde0b7
aab08093
00000013
00000013
00002117
65c10113
00112a23
01412183
bccdeeb7
aabe8e93
19d19263
00120213
00200293
fc5216e3
01200e13
00000213
00002117
62c10113
001120b7
23308093
00112023
00012183
00112eb7
233e8e93
15d19663
00120213
00200293
fc521ae3
01300e13
00000213
00002117
5f410113
300110b7
22308093
00000013
00112223
00412183
30011eb7
223e8e93
11d19863
00120213
00200293
fc5218e3
01400e13
00000213
00002117
5b810113
330010b7
12208093
00000013
00000013
00112423
00812183
33001eb7
122e8e93
0dd19863
00120213
00200293
fc5216e3
01500e13
00000213
00002117
57810113
00000013
233000b7
11208093
00112623
00c12183
23300eb7
112e8e93
09d19a63
00120213
00200293
fc5218e3
01600e13
00000213
00002117
53c10113
00000013
223300b7
01108093
00000013
00112823
01012183
22330eb7
011e8e93
05d19a63
00120213
00200293
fc5216e3
01700e13
00000213
00002117
4fc10113
00000013
00000013
122330b7
00108093
00112a23
01412183
12233eb7
001e8e93
01d19a63
00120213
00200293
fc5216e3
03c01a63
10000537
04500593
05200613
04f00693
00a00713
00b52023
00c52023
00c52023
00d52023
00c52023
00e52023
00100073
10000537
04f00593
04b00613
00a00693
00b52023
00c52023
00d52023
a0af606f
0000a537
3c450513
10000637
00050583
00058a63
00b62023
00150513
ff1ff06f
00726f78
02e00593
00b62023
00b62023
ff0100b7
f0008093
0f0f1137
f0f10113
0020c1b3
f00ffeb7
00fe8e93
00200e13
4bd19063
0ff010b7
ff008093
f0f0f137
0f010113
0020c1b3
ff010eb7
f00e8e93
00300e13
47d19e63
00ff00b7
0ff08093
0f0f1137
f0f10113
0020c1b3
0ff01eb7
ff0e8e93
00400e13
45d19c63
f00ff0b7
00f08093
f0f0f137
0f010113
0020c1b3
00ff0eb7
0ffe8e93
00500e13
43d19a63
ff0100b7
f0008093
0f0f1137
f0f10113
0020c0b3
f00ffeb7
00fe8e93
00600e13
41d09863
ff0100b7
f0008093
0f0f1137
f0f10113
0020c133
f00ffeb7
00fe8e93
00700e13
3fd11663
ff0100b7
f0008093
0010c0b3
00000e93
00800e13
3dd09a63
00000213
ff0100b7
f0008093
0f0f1137
f0f10113
0020c1b3
00018313
00120213
00200293
fe5210e3
f00ffeb7
00fe8e93
00900e13
39d31e63
00000213
0ff010b7
ff008093
f0f0f137
0f010113
0020c1b3
00000013
00018313
00120213
00200293
fc521ee3
ff010eb7
f00e8e93
00a00e13
37d31063
00000213
00ff00b7
0ff08093
0f0f1137
f0f10113
0020c1b3
00000013
00000013
00018313
00120213
00200293
fc521ce3
0ff01eb7
ff0e8e93
00b00e13
33d31063
00000213
ff0100b7
f0008093
0f0f1137
f0f10113
0020c1b3
00120213
00200293
fe5212e3
f00ffeb7
00fe8e93
00c00e13
2fd19663
00000213
0ff010b7
ff008093
f0f0f137
0f010113
00000013
0020c1b3
00120213
00200293
fe5210e3
ff010eb7
f00e8e93
00d00e13
2bd19a63
00000213
00ff00b7
0ff08093
0f0f1137
f0f10113
00000013
00000013
0020c1b3
00120213
00200293
fc521ee3
0ff01eb7
ff0e8e93
00e00e13
27d19c63
00000213
ff0100b7
f0008093
00000013
0f0f1137
f0f10113
0020c1b3
00120213
00200293
fe5210e3
f00ffeb7
00fe8e93
00f00e13
25d19063
00000213
0ff010b7
ff008093
00000013
f0f0f137
0f010113
00000013
0020c1b3
00120213
00200293
fc521ee3
ff010eb7
f00e8e93
01000e13
21d19263
00000213
00ff00b7
0ff08093
00000013
00000013
0f0f1137
f0f10113
0020c1b3
00120213
00200293
fc521ee3
0ff01eb7
ff0e8e93
01100e13
1dd19463
00000213
0f0f1137
f0f10113
ff0100b7
f0008093
0020c1b3
00120213
00200293
fe5212e3
f00ffeb7
00fe8e93
01200e13
19d19a63
00000213
f0f0f137
0f010113
0ff010b7
ff008093
00000013
0020c1b3
00120213
00200293
fe5210e3
ff010eb7
f00e8e93
01300e13
15d19e63
00000213
0f0f1137
f0f10113
00ff00b7
0ff08093
00000013
00000013
0020c1b3
00120213
00200293
fc521ee3
0ff01eb7
ff0e8e93
01400e13
13d19063
00000213
0f0f1137
f0f10113
00000013
ff0100b7
f0008093
0020c1b3
00120213
00200293
fe5210e3
f00ffeb7
00fe8e93
01500e13
0fd19463
00000213
f0f0f137
0f010113
00000013
0ff010b7
ff008093
00000013
0020c1b3
00120213
00200293
fc521ee3
ff010eb7
f00e8e93
01600e13
0bd19663
00000213
0f0f1137
f0f10113
00000013
00000013
00ff00b7
0ff08093
0020c1b3
00120213
00200293
fc521ee3
0ff01eb7
ff0e8e93
01700e13
07d19863
ff0100b7
f0008093
00104133
ff010eb7
f00e8e93
01800e13
05d11a63
00ff00b7
0ff08093
0000c133
00ff0eb7
0ffe8e93
01900e13
03d11c63
000040b3
00000e93
01a00e13
03d09463
111110b7
11108093
22222137
22210113
0020c033
00000e93
01b00e13
01d01463
03c01a63
10000537
04500593
05200613
04f00693
00a00713
00b52023
00c52023
00c52023
00d52023
00c52023
00e52023
00100073
10000537
04f00593
04b00613
00a00693
00b52023
00c52023
00d52023
d67f506f
0000b537
90450513
10000637
00050583
00058c63
00b62023
00150513
ff1ff06f
69726f78
00000000
02e00593
00b62023
00b62023
00ff10b7
f0008093
f0f0c193
ff00feb7
00fe8e93
00200e13
1dd19663
0ff010b7
ff008093
0f00c193
0ff01eb7
f00e8e93
00300e13
1bd19863
00ff10b7
8ff08093
70f0c193
00ff1eb7
ff0e8e93
00400e13
19d19a63
f00ff0b7
00f08093
0f00c193
f00ffeb7
0ffe8e93
00500e13
17d19c63
ff00f0b7
70008093
70f0c093
ff00feb7
00fe8e93
00600e13
15d09e63
00000213
0ff010b7
ff008093
0f00c193
00018313
00120213
00200293
fe5214e3
0ff01eb7
f00e8e93
00700e13
13d31663
00000213
00ff10b7
8ff08093
70f0c193
00000013
00018313
00120213
00200293
fe5212e3
00ff1eb7
ff0e8e93
00800e13
0fd31c63
00000213
f00ff0b7
00f08093
0f00c193
00000013
00000013
00018313
00120213
00200293
fe5210e3
f00ffeb7
0ffe8e93
00900e13
0dd31063
00000213
0ff010b7
ff008093
0f00c193
00120213
00200293
fe5216e3
0ff01eb7
f00e8e93
00a00e13
09d19a63
00000213
00ff10b7
fff08093
00000013
00f0c193
00120213
00200293
fe5214e3
00ff1eb7
ff0e8e93
00b00e13
07d19263
00000213
f00ff0b7
00f08093
00000013
00000013
0f00c193
00120213
00200293
fe5212e3
f00ffeb7
0ffe8e93
00c00e13
03d19863
0f004093
0f000e93
00d00e13
03d09063
00ff00b7
0ff08093
70f0c013
00000e93
00e00e13
01d01463
03c01a63
10000537
04500593
05200613
04f00693
00a00713
00b52023
00c52023
00c52023
00d52023
00c52023
00e52023
00100073
10000537
04f00593
04b00613
00a00693
00b52023
00c52023
00d52023
a87f506f
00050313
00058e13
00000893
0005dc63
00a037b3
40b00e33
40fe0e33
40a00333
fff00893
0006dc63
00c037b3
40d006b3
fff8c893
40f686b3
40c00633
00060713
00030813
000e0793
28069c63
00002597
ee458593
0ece7663
000106b7
0cd67863
10063693
0016b693
00369693
00d65533
00a585b3
0005c583
02000513
00d586b3
40d505b3
00d50c63
00be17b3
00d356b3
00b61733
00f6e7b3
00b31833
01075593
02b7de33
01071613
01065613
02b7f7b3
000e0513
03c60333
01079693
01085793
00d7e7b3
0067fe63
00f707b3
fffe0513
00e7e863
0067f663
ffee0513
00e787b3
406787b3
02b7d333
01081813
01085813
02b7f7b3
026606b3
01079793
00f86833
00030793
00d87c63
01070833
fff30793
00e86663
00d87463
ffe30793
01051513
00f56533
00000593
0e00006f
01000537
01800693
f2a67ce3
01000693
f31ff06f
00000693
00060c63
000107b7
0cf67a63
10063693
0016b693
00369693
00d657b3
00f585b3
0005c783
00d787b3
02000693
40f685b3
0cf69063
40ce07b3
00100593
01075313
0267deb3
01071613
01065613
01085693
0267f7b3
000e8513
03d60e33
01079793
00f6e7b3
01c7fe63
00f707b3
fffe8513
00e7e863
01c7f663
ffee8513
00e787b3
41c787b3
0267de33
01081813
01085813
0267f7b3
03c606b3
01079793
00f86833
000e0793
00d87c63
01070833
fffe0793
00e86663
00d87463
ffee0793
01051513
00f56533
00088a63
00a037b3
40b005b3
40f585b3
40a00533
00008067
010007b7
01800693
f2f67ae3
01000693
f2dff06f
00b61733
00fe56b3
01075513
00be1e33
00f357b3
01c7e7b3
02a6de33
01071613
01065613
00b31833
02a6f6b3
03c60333
01069593
0107d693
00b6e6b3
000e0593
0066fe63
00d706b3
fffe0593
00e6e863
0066f663
ffee0593
00e686b3
406686b3
02a6d333
01079793
0107d793
02a6f6b3
02660633
01069693
00d7e7b3
00030693
00c7fe63
00f707b3
fff30693
00e7e863
00c7f663
ffe30693
00e787b3
01059593
40c787b3
00d5e5b3
ea5ff06f
18de6663
000107b7
04f6f463
1006b713
00173713
00371713
00e6d5b3
00002797
c3478793
00b787b3
0007c783
00e787b3
02000713
40f705b3
02f71663
00100513
efc6e4e3
00c33533
00153513
eddff06f
010007b7
01800713
fcf6f0e3
01000713
fb9ff06f
00f65733
00b696b3
00d766b3
00fe5733
00be1e33
00f357b3
01c7e7b3
0106de13
03c75f33
01069813
01085813
00b61633
03c77733
03e80eb3
01071513
0107d713
00a76733
000f0513
01d77e63
00e68733
ffff0513
00d76863
01d77663
ffef0513
00d70733
41d70733
03c75eb3
01079793
0107d793
03c77733
03d80833
01071713
00e7e7b3
000e8713
0107fe63
00f687b3
fffe8713
00d7e863
0107f663
ffee8713
00d787b3
01051513
00010eb7
00e56533
fffe8693
00d57733
410787b3
00d676b3
01055813
01065613
02d70e33
02d806b3
02c70733
02c80833
00d70633
010e5713
00c70733
00d77463
01d80833
01075693
010686b3
02d7e663
ced794e3
000107b7
fff78793
00f77733
01071713
00fe7e33
00b31333
01c70733
00000593
dae374e3
fff50513
cbdff06f
00000593
00000513
d95ff06f
00058e13
00000813
0005dc63
00a037b3
40b00e33
40fe0e33
40a00533
fff00813
0006da63
00c037b3
40d006b3
40f686b3
40c00633
00060893
00050793
000e0593
24069463
00002317
a7430313
0ece7663
00010737
0ce67863
10063713
00173713
00371713
00e656b3
00d30333
00034683
00e68733
02000693
40e68333
00e68c63
006e15b3
00e55733
006618b3
00b765b3
006517b3
0108d693
02d5d733
01089513
01055513
02d5f5b3
02a70733
01059613
0107d593
00c5e5b3
00e5fa63
00b885b3
0115e663
00e5f463
011585b3
40e585b3
02d5d733
01079793
0107d793
02d5f5b3
02a70733
01059593
00b7e7b3
00e7fa63
00f887b3
0117e663
00e7f463
011787b3
40e787b3
0067d533
00000593
00080a63
00a037b3
40b005b3
40f585b3
40a00533
00008067
010006b7
01800713
f2d67ce3
01000713
f31ff06f
00000693
00060c63
00010737
0ae67263
10063693
0016b693
00369693
00d65733
00e30333
00034703
00d70733
02000693
40e68333
08e69863
40ce0733
0108d593
02b75633
01089513
01055513
0107d693
02b77733
02a60633
01071713
00e6e733
00c77a63
00e88733
01176663
00c77463
01170733
40c70733
02b756b3
01079793
0107d793
02b77733
02a686b3
01071713
00e7e7b3
00d7fa63
00f887b3
0117e663
00d7f463
011787b3
40d787b3
f21ff06f
01000737
01800693
f6e672e3
01000693
f5dff06f
006618b3
00ee56b3
006517b3
00e55733
0108d513
02a6d5b3
006e1e33
01c76733
01089e13
010e5e13
02a6f6b3
03c585b3
01069613
01075693
00c6e6b3
00b6fa63
00d886b3
0116e663
00b6f463
011686b3
40b686b3
02a6d633
01071713
01075713
02a6f6b3
03c60633
01069693
00d76733
00c77a63
00e88733
01176663
00c77463
01170733
40c70733
ef1ff06f
e8de62e3
00010737
04e6fc63
1006b713
00173713
00371713
00e6d333
00002897
81488893
006888b3
0008c883
02000313
00e888b3
41130733
03131e63
01c6e463
00c56c63
40c50633
40de06b3
00c535b3
00060793
40b685b3
00078513
e29ff06f
010008b7
01800713
fb16f8e3
01000713
fa9ff06f
00e696b3
01165333
00d36333
011e57b3
01035e93
03d7dfb3
00ee1e33
011555b3
01c5e5b3
01031e13
010e5e13
00e61633
00e51533
03d7f7b3
03fe0f33
01079693
0105d793
00d7e7b3
000f8693
01e7fe63
00f307b3
ffff8693
0067e863
01e7f663
ffef8693
006787b3
41e787b3
03d7df33
01059593
0105d593
03d7f7b3
03ee0e33
01079793
00f5e5b3
000f0793
01c5fe63
00b305b3
ffff0793
0065e863
01c5f663
ffef0793
006585b3
01069693
00010fb7
00f6e6b3
41c585b3
ffff8e13
01c6f7b3
01065e93
0106d693
01c67e33
03c78f33
03c68e33
03d787b3
03d686b3
01c78eb3
010f5793
01d787b3
01c7f463
01f686b3
0107de13
00de06b3
00010e37
fffe0e13
01c7f7b3
01079793
01cf7f33
01e787b3
00d5e663
00d59e63
00f57c63
40c78633
00c7be33
00060793
006e0633
40c686b3
40f507b3
00f53533
40d585b3
40a585b3
011598b3
00e7d7b3
00f8e533
00e5d5b3
cc1ff06f
00050893
00058313
00060713
00050813
00058793
28069263
00001597
65058593
0ec37663
000106b7
0cd67863
10063693
0016b693
00369693
00d65533
00a585b3
0005c583
02000513
00d586b3
40d505b3
00d50c63
00b317b3
00d8d6b3
00b61733
00f6e7b3
00b89833
01075593
02b7d333
01071613
01065613
02b7f7b3
00030513
026608b3
01079693
01085793
00d7e7b3
0117fe63
00f707b3
fff30513
00e7e863
0117f663
ffe30513
00e787b3
411787b3
02b7d8b3
01081813
01085813
02b7f7b3
031606b3
01079793
00f86833
00088793
00d87c63
01070833
fff88793
00e86663
00d87463
ffe88793
01051513
00f56533
00000593
00008067
01000537
01800693
f2a67ce3
01000693
f31ff06f
00000693
00060c63
000107b7
0cf67063
10063693
0016b693
00369693
00d657b3
00f585b3
0005c783
00d787b3
02000693
40f685b3
0af69663
40c307b3
00100593
01075893
0317de33
01071613
01065613
01085693
0317f7b3
000e0513
03c60333
01079793
00f6e7b3
0067fe63
00f707b3
fffe0513
00e7e863
0067f663
ffee0513
00e787b3
406787b3
0317d333
01081813
01085813
0317f7b3
026606b3
01079793
00f86833
00030793
00d87c63
01070833
fff30793
00e86663
00d87463
ffe30793
01051513
00f56533
00008067
010007b7
01800693
f4f674e3
01000693
f41ff06f
00b61733
00f356b3
01075513
00b31333
00f8d7b3
0067e7b3
02a6d333
01071613
01065613
00b89833
02a6f6b3
026608b3
01069593
0107d693
00b6e6b3
00030593
0116fe63
00d706b3
fff30593
00e6e863
0116f663
ffe30593
00e686b3
411686b3
02a6d8b3
01079793
0107d793
02a6f6b3
03160633
01069693
00d7e7b3
00088693
00c7fe63
00f707b3
fff88693
00e7e863
00c7f663
ffe88693
00e787b3
01059593
40c787b3
00d5e5b3
eb9ff06f
18d5e663
000107b7
04f6f463
1006b713
00173713
00371713
00e6d5b3
00001797
3b478793
00b787b3
0007c783
00e787b3
02000713
40f705b3
02f71663
00100513
e066eee3
00c8b533
00153513
00008067
010007b7
01800713
fcf6f0e3
01000713
fb9ff06f
00f65733
00b696b3
00d766b3
00f35733
00b31333
00f8d7b3
0067e7b3
0106d313
02675eb3
01069813
01085813
00b61633
02677733
03d80e33
01071513
0107d713
00a76733
000e8513
01c77e63
00e68733
fffe8513
00d76863
01c77663
ffee8513
00d70733
41c70733
02675e33
01079793
0107d793
02677733
03c80833
01071713
00e7e7b3
000e0713
0107fe63
00f687b3
fffe0713
00d7e863
0107f663
ffee0713
00d787b3
01051513
00010e37
00e56533
fffe0693
00d57733
410787b3
00d676b3
01055813
01065613
02d70333
02d806b3
02c70733
02c80833
00d70633
01035713
00c70733
00d77463
01c80833
01075693
010686b3
02d7e663
ced79ee3
000107b7
fff78793
00f77733
01071713
00f37333
00b898b3
00670733
00000593
cce8fee3
fff50513
cd1ff06f
00000593
00000513
00008067
00060813
00050793
00058713
20069663
00001897
22888893
0cc5fc63
000106b7
0ad67e63
10063693
0016b693
00369693
00d65333
006888b3
0008c883
02000313
00d886b3
40d308b3
00d30c63
01159733
00d556b3
01161833
00e6e733
011517b3
01085613
02c756b3
01081513
01055513
02c77733
02a686b3
01071593
0107d713
00b76733
00d77a63
00e80733
01076663
00d77463
01070733
40d70733
02c756b3
02c77733
02a686b3
01079793
01071713
0107d793
00e7e7b3
00d7fa63
00f807b3
0107e663
00d7f463
010787b3
40d787b3
0117d533
00000593
00008067
01000337
01800693
f46676e3
01000693
f45ff06f
00000693
00060c63
00010737
06e67e63
10063693
0016b693
00369693
00d65733
00e888b3
0008c703
00d70733
02000693
40e688b3
06e69463
40c58733
01085593
02b75633
01081513
01055513
0107d693
02b77733
02a60633
01071713
00e6e733
00c77a63
00e80733
01076663
00c77463
01070733
40c70733
02b756b3
02b77733
02a686b3
f35ff06f
01000737
01800693
f8e676e3
01000693
f85ff06f
01161833
00e5d6b3
011517b3
011595b3
00e55733
01085513
00b76733
02a6d5b3
01081313
01035313
02a6f6b3
026585b3
01069613
01075693
00c6e6b3
00b6fa63
00d806b3
0106e663
00b6f463
010686b3
40b686b3
02a6d633
01071713
01075713
02a6f6b3
02660633
01069693
00d76733
00c77a63
00e80733
01076663
00c77463
01070733
40c70733
f19ff06f
1cd5e463
00010837
0506fe63
1006b813
00183813
00381813
0106d333
00001897
00488893
006888b3
0008c883
02000313
010888b3
41130833
05131063
00b6e463
00c56c63
40c50633
40d586b3
00c53733
00060793
40e68733
00078513
00070593
00008067
010008b7
01800813
fb16f6e3
01000813
fa5ff06f
011657b3
010696b3
00d7e6b3
0115d733
0106de13
03c75f33
01069313
01035313
010597b3
011555b3
00f5e5b3
0105d793
01061633
01051533
03c77733
03e30eb3
01071713
00e7e7b3
000f0713
01d7fe63
00f687b3
ffff0713
00d7e863
01d7f663
ffef0713
00d787b3
41d787b3
03c7deb3
01059593
0105d593
03c7f7b3
000e8e13
03d30333
01079793
00f5e5b3
0065fe63
00b685b3
fffe8e13
00d5e863
0065f663
ffee8e13
00d585b3
01071793
00010f37
01c7e7b3
406585b3
ffff0313
0067f733
01065e13
0107d793
00667333
02670eb3
02678333
03c70733
03c787b3
00670e33
010ed713
01c70733
00677463
01e787b3
01075313
00f307b3
00010337
fff30313
00677733
01071713
006efeb3
01d70733
00f5e663
00f59e63
00e57c63
40c70633
00c73333
00d306b3
00060713
40d787b3
40e50733
00e53533
40f585b3
40a585b3
011598b3
01075733
00e8e533
0105d5b3
00008067
00050613
00000513
0015f693
00068463
00c50533
0015d593
00161613
fe0596e3
00008067
00050893
00050813
00060313
00000713
00000793
00000513
00137e93
00171e13
000e8a63
00a80533
00e787b3
01053733
00f707b3
01f85713
00135313
00ee6733
00181813
fc031ae3
00059c63
00078593
00068663
031686b3
00b685b3
00008067
02c585b3
00f585b3
fe9ff06f
06054063
0605c663
00058613
00050593
fff00513
02060c63
00100693
00b67a63
00c05863
00161613
00169693
feb66ae3
00000513
00c5e663
40c585b3
00d56533
0016d693
00165613
fe0696e3
00008067
00008293
fb5ff0ef
00058513
00028067
40a00533
00b04863
40b005b3
f9dff06f
40b005b3
00008293
f91ff0ef
40a00533
00028067
00008293
0005ca63
00054c63
f79ff0ef
00058513
00028067
40b005b3
fe0558e3
40a00533
f61ff0ef
40b00533
00028067
00003541
73697200
01007663
0000002b
33767205
70326932
326d5f31
635f3070
5f307032
7363697a
30703272
6d6d7a5f
70316c75
00000030
0000000a
20202020
00000000
6d73694d
68637461
74656220
6e656577
20307120
2042534c
20646e61
6f636564
20646564
74736e69
74637572
206e6f69
64726f77
30712021
0078303d
6e69202c
3d727473
00007830
2d2d2d2d
2d2d2d2d
2d2d2d2d
2d2d2d2d
2d2d2d2d
2d2d2d2d
2d2d2d2d
2d2d2d2d
2d2d2d2d
2d2d2d2d
2d2d2d2d
2d2d2d2d
2d2d2d2d
2d2d2d2d
2d2d2d2d
0000000a
45524245
69204b41
7274736e
69746375
61206e6f
78302074
00000000
656c6c49
206c6167
74736e49
74637572
206e6f69
30207461
00000078
7830203a
00000000
20737542
6f727265
6e692072
736e4920
63757274
6e6f6974
20746120
00007830
20206370
00000000
626d754e
6f207265
61662066
65207473
72657478
206c616e
73515249
756f6320
6465746e
0000203a
626d754e
6f207265
6c732066
6520776f
72657478
206c616e
73515249
756f6320
6465746e
0000203a
626d754e
6f207265
69742066
2072656d
73515249
756f6320
6465746e
0000203a
33323130
37363534
42413938
46454443
00000000
6c6c6568
6f77206f
0a646c72
00000000
00000020
00007473
0000646e
00006472
00006874
69727020
6920656d
00002073
00000a2e
63656863
6d75736b
0000203a
0a4b4f20
00000000
52524520
000a524f
75706e69
20202074
005b2020
0000205d
00005b20
64726168
6c756d20
00202020
00002020
74666f73
6c756d20
00202020
4f525245
000a2152
64726168
76696420
00202020
74666f73
76696420
00202020
6c637943
6f632065
65746e75
2e2e2072
2e2e2e2e
00002e2e
736e490a
63757274
6e6f6974
756f6320
7265746e
002e2e20
4950430a
0000203a
0000002e
00000000
00000000
00000000
3a434347
33312820
302e322e
7531312d
746e7562
312b3175
31202932
2e322e33
29410030
72000000
76637369
001f0100
10040000
33767205
70326932
32635f31
7a5f3070
72736369
00307032
00002941
73697200
01007663
0000001f
72051004
69323376
5f317032
30703263
63697a5f
70327273
29410030
72000000
76637369
001f0100
10040000
33767205
70326932
32635f31
7a5f3070
72736369
00307032
00000000
00000000
00000000
00002941
73697200
01007663
0000001f
72051004
69323376
5f317032
30703263
63697a5f
70327273
00000030
12b9b0a1
00002941
73697200
01007663
0000001f
72051004
69323376
5f317032
30703263
63697a5f
70327273
29410030
72000000
76637369
001f0100
10040000
33767205
70326932
32635f31
7a5f3070
72736369
00307032
00002741
73697200
01007663
0000001d
33767205
70326932
326d5f31
7a5f3070
6c756d6d
00307031
00002741
73697200
01007663
0000001d
33767205
70326932
326d5f31
7a5f3070
6c756d6d
00307031
00002741
73697200
01007663
0000001d
33767205
70326932
326d5f31
7a5f3070
6c756d6d
00307031
00002741
73697200
01007663
0000001d
33767205
70326932
326d5f31
7a5f3070
6c756d6d
00307031
00002741
73697200
01007663
0000001d
33767205
70326932
326d5f31
7a5f3070
6c756d6d
00307031
00002741
73697200
01007663
0000001d
33767205
70326932
326d5f31
7a5f3070
6c756d6d
00307031
00002741
73697200
01007663
0000001d
33767205
70326932
326d5f31
7a5f3070
6c756d6d
00307031
00002741
73697200
01007663
0000001d
33767205
70326932
326d5f31
7a5f3070
6c756d6d
00307031
00002741
73697200
01007663
0000001d
33767205
70326932
326d5f31
7a5f3070
6c756d6d
00307031
00002741
73697200
01007663
0000001d
33767205
70326932
326d5f31
7a5f3070
6c756d6d
00307031
00002741
73697200
01007663
0000001d
33767205
70326932
326d5f31
7a5f3070
6c756d6d
00307031
00002741
73697200
01007663
0000001d
33767205
70326932
326d5f31
7a5f3070
6c756d6d
00307031
00002741
73697200
01007663
0000001d
33767205
70326932
326d5f31
7a5f3070
6c756d6d
00307031
00002741
73697200
01007663
0000001d
33767205
70326932
326d5f31
7a5f3070
6c756d6d
00307031
00002741
73697200
01007663
0000001d
33767205
70326932
326d5f31
7a5f3070
6c756d6d
00307031
00002741
73697200
01007663
0000001d
33767205
70326932
326d5f31
7a5f3070
6c756d6d
00307031
0ff000ff
00002741
73697200
01007663
0000001d
33767205
70326932
326d5f31
7a5f3070
6c756d6d
00307031
0ff000ff
00002741
73697200
01007663
0000001d
33767205
70326932
326d5f31
7a5f3070
6c756d6d
00307031
ff0000ff
f00f0ff0
00002741
73697200
01007663
0000001d
33767205
70326932
326d5f31
7a5f3070
6c756d6d
00307031
ff0000ff
f00f0ff0
00002741
73697200
01007663
0000001d
33767205
70326932
326d5f31
7a5f3070
6c756d6d
00307031
00002741
73697200
01007663
0000001d
33767205
70326932
326d5f31
7a5f3070
6c756d6d
00307031
00ff00ff
ff00ff00
0ff00ff0
f00ff00f
00002741
73697200
01007663
0000001d
33767205
70326932
326d5f31
7a5f3070
6c756d6d
00307031
00002741
73697200
01007663
0000001d
33767205
70326932
326d5f31
7a5f3070
6c756d6d
00307031
00002741
73697200
01007663
0000001d
33767205
70326932
326d5f31
7a5f3070
6c756d6d
00307031
00002741
73697200
01007663
0000001d
33767205
70326932
326d5f31
7a5f3070
6c756d6d
00307031
00002741
73697200
01007663
0000001d
33767205
70326932
326d5f31
7a5f3070
6c756d6d
00307031
00002741
73697200
01007663
0000001d
33767205
70326932
326d5f31
7a5f3070
6c756d6d
00307031
00002741
73697200
01007663
0000001d
33767205
70326932
326d5f31
7a5f3070
6c756d6d
00307031
00002741
73697200
01007663
0000001d
33767205
70326932
326d5f31
7a5f3070
6c756d6d
00307031
00002741
73697200
01007663
0000001d
33767205
70326932
326d5f31
7a5f3070
6c756d6d
00307031
efefefef
efefefef
2741efef
72000000
76637369
001d0100
72050000
69323376
5f317032
3070326d
6d6d7a5f
70316c75
00000030
beefbeef
beefbeef
beefbeef
beefbeef
beefbeef
00002741
73697200
01007663
0000001d
33767205
70326932
326d5f31
7a5f3070
6c756d6d
00307031
00002741
73697200
01007663
0000001d
33767205
70326932
326d5f31
7a5f3070
6c756d6d
00307031
00002741
73697200
01007663
0000001d
33767205
70326932
326d5f31
7a5f3070
6c756d6d
00307031
00002741
73697200
01007663
0000001d
33767205
70326932
326d5f31
7a5f3070
6c756d6d
00307031
00002741
73697200
01007663
0000001d
33767205
70326932
326d5f31
7a5f3070
6c756d6d
00307031
00002741
73697200
01007663
0000001d
33767205
70326932
326d5f31
7a5f3070
6c756d6d
00307031
00002741
73697200
01007663
0000001d
33767205
70326932
326d5f31
7a5f3070
6c756d6d
00307031
00002741
73697200
01007663
0000001d
33767205
70326932
326d5f31
7a5f3070
6c756d6d
00307031
00002741
73697200
01007663
0000001d
33767205
70326932
326d5f31
7a5f3070
6c756d6d
00307031
00002741
73697200
01007663
0000001d
33767205
70326932
326d5f31
7a5f3070
6c756d6d
00307031
00002741
73697200
01007663
0000001d
33767205
70326932
326d5f31
7a5f3070
6c756d6d
00307031
deadbeef
deadbeef
deadbeef
deadbeef
deadbeef
deadbeef
deadbeef
deadbeef
deadbeef
deadbeef
00002741
73697200
01007663
0000001d
33767205
70326932
326d5f31
7a5f3070
6c756d6d
00307031
00002741
73697200
01007663
0000001d
33767205
70326932
326d5f31
7a5f3070
6c756d6d
00307031
00002741
73697200
01007663
0000001d
33767205
70326932
326d5f31
7a5f3070
6c756d6d
00307031
00000010
00000000
00527a03
01017c01
00020d1b
00000010
00000018
ffffe27c
00000478
00000000
00002941
73697200
01007663
0000001f
72051004
69323376
5f317032
3070326d
6d6d7a5f
70316c75
00000030
00000010
00000000
00527a03
01017c01
00020d1b
00000010
00000018
ffffe6a0
00000450
00000000
00002941
73697200
01007663
0000001f
72051004
69323376
5f317032
3070326d
6d6d7a5f
70316c75
00000030
00000010
00000000
00527a03
01017c01
00020d1b
00000010
00000018
ffffea9c
00000430
00000000
00002941
73697200
01007663
0000001f
72051004
69323376
5f317032
3070326d
6d6d7a5f
70316c75
00000030
00000010
00000000
00527a03
01017c01
00020d1b
00000010
00000018
ffffee78
000003e4
00000000
00002941
73697200
01007663
0000001f
72051004
69323376
5f317032
3070326d
6d6d7a5f
70316c75
27410030
72000000
76637369
001d0100
72050000
69323376
5f317032
3070326d
6d6d7a5f
70316c75
29410030
72000000
76637369
001f0100
10040000
33767205
70326932
326d5f31
7a5f3070
6c756d6d
00307031
00002741
73697200
01007663
0000001d
33767205
70326932
326d5f31
7a5f3070
6c756d6d
00307031
02020100
03030303
04040404
04040404
05050505
05050505
05050505
05050505
06060606
06060606
06060606
06060606
06060606
06060606
06060606
06060606
07070707
07070707
07070707
07070707
07070707
07070707
07070707
07070707
07070707
07070707
07070707
07070707
07070707
07070707
07070707
07070707
08080808
08080808
08080808
08080808
08080808
08080808
08080808
08080808
08080808
08080808
08080808
08080808
08080808
08080808
08080808
08080808
08080808
08080808
08080808
08080808
08080808
08080808
08080808
08080808
08080808
08080808
08080808
08080808
08080808
08080808
08080808
08080808
00002941
73697200
01007663
0000001f
72051004
69323376
5f317032
3070326d
6d6d7a5f
70316c75
00000030
0
0
0
0
0
0
0
0
0
0
0
0
0
0
0
0
0
0
0
0
0
0
0
0
0
0
0
0
0
0
0
0
0
0
0
0
0
0
0
0
0
0
0
0
0
0
0
0
0
0
0
0
0
0
0
0
0
0
0
0
0
0
0
0
0
0
0
0
0
0
0
0
0
0
0
0
0
0
0
0
0
0
0
0
0
0
0
0
0
0
0
0
0
0
0
0
0
0
0
0
0
0
0
0
0
0
0
0
0
0
0
0
0
0
0
0
0
0
0
0
0
0
0
0
0
0
0
0
0
0
0
0
0
0
0
0
0
0
0
0
0
0
0
0
0
0
0
0
0
0
0
0
0
0
0
0
0
0
0
0
0
0
0
0
0
0
0
0
0
0
0
0
0
0
0
0
0
0
0
0
0
0
0
0
0
0
0
0
0
0
0
0
0
0
0
0
0
0
0
0
0
0
0
0
0
0
0
0
0
0
0
0
0
0
0
0
0
0
0
0
0
0
0
0
0
0
0
0
0
0
0
0
0
0
0
0
0
0
0
0
0
0
0
0
0
0
0
0
0
0
0
0
0
0
0
0
0
0
0
0
0
0
0
0
0
0
0
0
0
0
0
0
0
0
0
0
0
0
0
0
0
0
0
0
0
0
0
0
0
0
0
0
0
0
0
0
0
0
0
0
0
0
0
0
0
0
0
0
0
0
0
0
0
0
0
0
0
0
0
0
0
0
0
0
0
0
0
0
0
0
0
0
0
0
0
0
0
0
0
0
0
0
0
0
0
0
0
0
0
0
0
0
0
0
0
0
0
0
0
0
0
0
0
0
0
0
0
0
0
0
0
0
0
0
0
0
0
0
0
0
0
0
0
0
0
0
0
0
0
0
0
0
0
0
0
0
0
0
0
0
0
0
0
0
0
0
0
0
0
0
0
0
0
0
0
0
0
0
0
0
0
0
0
0
0
0
0
0
0
0
0
0
0
0
0
0
0
0
0
0
0
0
0
0
0
0
0
0
0
0
0
0
0
0
0
0
0
0
0
0
0
0
0
0
0
0
0
0
0
0
0
0
0
0
0
0
0
0
0
0
0
0
0
0
0
0
0
0
0
0
0
0
0
0
0
0
0
0
0
0
0
0
0
0
0
0
0
0
0
0
0
0
0
0
0
0
0
0
0
0
0
0
0
0
0
0
0
0
0
0
0
0
0
0
0
0
0
0
0
0
0
0
0
0
0
0
0
0
0
0
0
0
0
0
0
0
0
0
0
0
0
0
0
0
0
0
0
0
0
0
0
0
0
0
0
0
0
0
0
0
0
0
0
0
0
0
0
0
0
0
0
0
0
0
0
0
0
0
0
0
0
0
0
0
0
0
0
0
0
0
0
0
0
0
0
0
0
0
0
0
0
0
0
0
0
0
0
0
0
0
0
0
0
0
0
0
0
0
0
0
0
0
0
0
0
0
0
0
0
0
0
0
0
0
0
0
0
0
0
0
0
0
0
0
0
0
0
0
0
0
0
0
0
0
0
0
0
0
0
0
0
0
0
0
0
0
0
0
0
0
0
0
0
0
0
0
0
0
0
0
0
0
0
0
0
0
0
0
0
0
0
0
0
0
0
0
0
0
0
0
0
0
0
0
0
0
0
0
0
0
0
0
0
0
0
0
0
0
0
0
0
0
0
0
0
0
0
0
0
0
0
0
0
0
0
0
0
0
0
0
0
0
0
0
0
0
0
0
0
0
0
0
0
0
0
0
0
0
0
0
0
0
0
0
0
0
0
0
0
0
0
0
0
0
0
0
0
0
0
0
0
0
0
0
0
0
0
0
0
0
0
0
0
0
0
0
0
0
0
0
0
0
0
0
0
0
0
0
0
0
0
0
0
0
0
0
0
0
0
0
0
0
0
0
0
0
0
0
0
0
0
0
0
0
0
0
0
0
0
0
0
0
0
0
0
0
0
0
0
0
0
0
0
0
0
0
0
0
0
0
0
0
0
0
0
0
0
0
0
0
0
0
0
0
0
0
0
0
0
0
0
0
0
0
0
0
0
0
0
0
0
0
0
0
0
0
0
0
0
0
0
0
0
0
0
0
0
0
0
0
0
0
0
0
0
0
0
0
0
0
0
0
0
0
0
0
0
0
0
0
0
0
0
0
0
0
0
0
0
0
0
0
0
0
0
0
0
0
0
0
0
0
0
0
0
0
0
0
0
0
0
0
0
0
0
0
0
0
0
0
0
0
0
0
0
0
0
0
0
0
0
0
0
0
0
0
0
0
0
0
0
0
0
0
0
0
0
0
0
0
0
0
0
0
0
0
0
0
0
0
0
0
0
0
0
0
0
0
0
0
0
0
0
0
0
0
0
0
0
0
0
0
0
0
0
0
0
0
0
0
0
0
0
0
0
0
0
0
0
0
0
0
0
0
0
0
0
0
0
0
0
0
0
0
0
0
0
0
0
0
0
0
0
0
0
0
0
0
0
0
0
0
0
0
0
0
0
0
0
0
0
0
0
0
0
0
0
0
0
0
0
0
0
0
0
0
0
0
0
0
0
0
0
0
0
0
0
0
0
0
0
0
0
0
0
0
0
0
0
0
0
0
0
0
0
0
0
0
0
0
0
0
0
0
0
0
0
0
0
0
0
0
0
0
0
0
0
0
0
0
0
0
0
0
0
0
0
0
0
0
0
0
0
0
0
0
0
0
0
0
0
0
0
0
0
0
0
0
0
0
0
0
0
0
0
0
0
0
0
0
0
0
0
0
0
0
0
0
0
0
0
0
0
0
0
0
0
0
0
0
0
0
0
0
0
0
0
0
0
0
0
0
0
0
0
0
0
0
0
0
0
0
0
0
0
0
0
0
0
0
0
0
0
0
0
0
0
0
0
0
0
0
0
0
0
0
0
0
0
0
0
0
0
0
0
0
0
0
0
0
0
0
0
0
0
0
0
0
0
0
0
0
0
0
0
0
0
0
0
0
0
0
0
0
0
0
0
0
0
0
0
0
0
0
0
0
0
0
0
0
0
0
0
0
0
0
0
0
0
0
0
0
0
0
0
0
0
0
0
0
0
0
0
0
0
0
0
0
0
0
0
0
0
0
0
0
0
0
0
0
0
0
0
0
0
0
0
0
0
0
0
0
0
0
0
0
0
0
0
0
0
0
0
0
0
0
0
0
0
0
0
0
0
0
0
0
0
0
0
0
0
0
0
0
0
0
0
0
0
0
0
0
0
0
0
0
0
0
0
0
0
0
0
0
0
0
0
0
0
0
0
0
0
0
0
0
0
0
0
0
0
0
0
0
0
0
0
0
0
0
0
0
0
0
0
0
0
0
0
0
0
0
0
0
0
0
0
0
0
0
0
0
0
0
0
0
0
0
0
0
0
0
0
0
0
0
0
0
0
0
0
0
0
0
0
0
0
0
0
0
0
0
0
0
0
0
0
0
0
0
0
0
0
0
0
0
0
0
0
0
0
0
0
0
0
0
0
0
0
0
0
0
0
0
0
0
0
0
0
0
0
0
0
0
0
0
0
0
0
0
0
0
0
0
0
0
0
0
0
0
0
0
0
0
0
0
0
0
0
0
0
0
0
0
0
0
0
0
0
0
0
0
0
0
0
0
0
0
0
0
0
0
0
0
0
0
0
0
0
0
0
0
0
0
0
0
0
0
0
0
0
0
0
0
0
0
0
0
0
0
0
0
0
0
0
0
0
0
0
0
0
0
0
0
0
0
0
0
0
0
0
0
0
0
0
0
0
0
0
0
0
0
0
0
0
0
0
0
0
0
0
0
0
0
0
0
0
0
0
0
0
0
0
0
0
0
0
0
0
0
0
0
0
0
0
0
0
0
0
0
0
0
0
0
0
0
0
0
0
0
0
0
0
0
0
0
0
0
0
0
0
0
0
0
0
0
0
0
0
0
0
0
0
0
0
0
0
0
0
0
0
0
0
0
0
0
0
0
0
0
0
0
0
0
0
0
0
0
0
0
0
0
0
0
0
0
0
0
0
0
0
0
0
0
0
0
0
0
0
0
0
0
0
0
0
0
0
0
0
0
0
0
0
0
0
0
0
0
0
0
0
0
0
0
0
0
0
0
0
0
0
0
0
0
0
0
0
0
0
0
0
0
0
0
0
0
0
0
0
0
0
0
0
0
0
0
0
0
0
0
0
0
0
0
0
0
0
0
0
0
0
0
0
0
0
0
0
0
0
0
0
0
0
0
0
0
0
0
0
0
0
0
0
0
0
0
0
0
0
0
0
0
0
0
0
0
0
0
0
0
0
0
0
0
0
0
0
0
0
0
0
0
0
0
0
0
0
0
0
0
0
0
0
0
0
0
0
0
0
0
0
0
0
0
0
0
0
0
0
0
0
0
0
0
0
0
0
0
0
0
0
0
0
0
0
0
0
0
0
0
0
0
0
0
0
0
0
0
0
0
0
0
0
0
0
0
0
0
0
0
0
0
0
0
0
0
0
0
0
0
0
0
0
0
0
0
0
0
0
0
0
0
0
0
0
0
0
0
0
0
0
0
0
0
0
0
0
0
0
0
0
0
0
0
0
0
0
0
0
0
0
0
0
0
0
0
0
0
0
0
0
0
0
0
0
0
0
0
0
0
0
0
0
0
0
0
0
0
0
0
0
0
0
0
0
0
0
0
0
0
0
0
0
0
0
0
0
0
0
0
0
0
0
0
0
0
0
0
0
0
0
0
0
0
0
0
0
0
0
0
0
0
0
0
0
0
0
0
0
0
0
0
0
0
0
0
0
0
0
0
0
0
0
0
0
0
0
0
0
0
0
0
0
0
0
0
0
0
0
0
0
0
0
0
0
0
0
0
0
0
0
0
0
0
0
0
0
0
0
0
0
0
0
0
0
0
0
0
0
0
0
0
0
0
0
0
0
0
0
0
0
0
0
0
0
0
0
0
0
0
0
0
0
0
0
0
0
0
0
0
0
0
0
0
0
0
0
0
0
0
0
0
0
0
0
0
0
0
0
0
0
0
0
0
0
0
0
0
0
0
0
0
0
0
0
0
0
0
0
0
0
0
0
0
0
0
0
0
0
0
0
0
0
0
0
0
0
0
0
0
0
0
0
0
0
0
0
0
0
0
0
0
0
0
0
0
0
0
0
0
0
0
0
0
0
0
0
0
0
0
0
0
0
0
0
0
0
0
0
0
0
0
0
0
0
0
0
0
0
0
0
0
0
0
0
0
0
0
0
0
0
0
0
0
0
0
0
0
0
0
0
0
0
0
0
0
0
0
0
0
0
0
0
0
0
0
0
0
0
0
0
0
0
0
0
0
0
0
0
0
0
0
0
0
0
0
0
0
0
0
0
0
0
0
0
0
0
0
0
0
0
0
0
0
0
0
0
0
0
0
0
0
0
0
0
0
0
0
0
0
0
0
0
0
0
0
0
0
0
0
0
0
0
0
0
0
0
0
0
0
0
0
0
0
0
0
0
0
0
0
0
0
0
0
0
0
0
0
0
0
0
0
0
0
0
0
0
0
0
0
0
0
0
0
0
0
0
0
0
0
0
0
0
0
0
0
0
0
0
0
0
0
0
0
0
0
0
0
0
0
0
0
0
0
0
0
0
0
0
0
0
0
0
0
0
0
0
0
0
0
0
0
0
0
0
0
0
0
0
0
0
0
0
0
0
0
0
0
0
0
0
0
0
0
0
0
0
0
0
0
0
0
0
0
0
0
0
0
0
0
0
0
0
0
0
0
0
0
0
0
0
0
0
0
0
0
0
0
0
0
0
0
0
0
0
0
0
0
0
0
0
0
0
0
0
0
0
0
0
0
0
0
0
0
0
0
0
0
0
0
0
0
0
0
0
0
0
0
0
0
0
0
0
0
0
0
0
0
0
0
0
0
0
0
0
0
0
0
0
0
0
0
0
0
0
0
0
0
0
0
0
0
0
0
0
0
0
0
0
0
0
0
0
0
0
0
0
0
0
0
0
0
0
0
0
0
0
0
0
0
0
0
0
0
0
0
0
0
0
0
0
0
0
0
0
0
0
0
0
0
0
0
0
0
0
0
0
0
0
0
0
0
0
0
0
0
0
0
0
0
0
0
0
0
0
0
0
0
0
0
0
0
0
0
0
0
0
0
0
0
0
0
0
0
0
0
0
0
0
0
0
0
0
0
0
0
0
0
0
0
0
0
0
0
0
0
0
0
0
0
0
0
0
0
0
0
0
0
0
0
0
0
0
0
0
0
0
0
0
0
0
0
0
0
0
0
0
0
0
0
0
0
0
0
0
0
0
0
0
0
0
0
0
0
0
0
0
0
0
0
0
0
0
0
0
0
0
0
0
0
0
0
0
0
0
0
0
0
0
0
0
0
0
0
0
0
0
0
0
0
0
0
0
0
0
0
0
0
0
0
0
0
0
0
0
0
0
0
0
0
0
0
0
0
0
0
0
0
0
0
0
0
0
0
0
0
0
0
0
0
0
0
0
0
0
0
0
0
0
0
0
0
0
0
0
0
0
0
0
0
0
0
0
0
0
0
0
0
0
0
0
0
0
0
0
0
0
0
0
0
0
0
0
0
0
0
0
0
0
0
0
0
0
0
0
0
0
0
0
0
0
0
0
0
0
0
0
0
0
0
0
0
0
0
0
0
0
0
0
0
0
0
0
0
0
0
0
0
0
0
0
0
0
0
0
0
0
0
0
0
0
0
0
0
0
0
0
0
0
0
0
0
0
0
0
0
0
0
0
0
0
0
0
0
0
0
0
0
0
0
0
0
0
0
0
0
0
0
0
0
0
0
0
0
0
0
0
0
0
0
0
0
0
0
0
0
0
0
0
0
0
0
0
0
0
0
0
0
0
0
0
0
0
0
0
0
0
0
0
0
0
0
0
0
0
0
0
0
0
0
0
0
0
0
0
0
0
0
0
0
0
0
0
0
0
0
0
0
0
0
0
0
0
0
0
0
0
0
0
0
0
0
0
0
0
0
0
0
0
0
0
0
0
0
0
0
0
0
0
0
0
0
0
0
0
0
0
0
0
0
0
0
0
0
0
0
0
0
0
0
0
0
0
0
0
0
0
0
0
0
0
0
0
0
0
0
0
0
0
0
0
0
0
0
0
0
0
0
0
0
0
0
0
0
0
0
0
0
0
0
0
0
0
0
0
0
0
0
0
0
0
0
0
0
0
0
0
0
0
0
0
0
0
0
0
0
0
0
0
0
0
0
0
0
0
0
0
0
0
0
0
0
0
0
0
0
0
0
0
0
0
0
0
0
0
0
0
0
0
0
0
0
0
0
0
0
0
0
0
0
0
0
0
0
0
0
0
0
0
0
0
0
0
0
0
0
0
0
0
0
0
0
0
0
0
0
0
0
0
0
0
0
0
0
0
0
0
0
0
0
0
0
0
0
0
0
0
0
0
0
0
0
0
0
0
0
0
0
0
0
0
0
0
0
0
0
0
0
0
0
0
0
0
0
0
0
0
0
0
0
0
0
0
0
0
0
0
0
0
0
0
0
0
0
0
0
0
0
0
0
0
0
0
0
0
0
0
0
0
0
0
0
0
0
0
0
0
0
0
0
0
0
0
0
0
0
0
0
0
0
0
0
0
0
0
0
0
0
0
0
0
0
0
0
0
0
0
0
0
0
0
0
0
0
0
0
0
0
0
0
0
0
0
0
0
0
0
0
0
0
0
0
0
0
0
0
0
0
0
0
0
0
0
0
0
0
0
0
0
0
0
0
0
0
0
0
0
0
0
0
0
0
0
0
0
0
0
0
0
0
0
0
0
0
0
0
0
0
0
0
0
0
0
0
0
0
0
0
0
0
0
0
0
0
0
0
0
0
0
0
0
0
0
0
0
0
0
0
0
0
0
0
0
0
0
0
0
0
0
0
0
0
0
0
0
0
0
0
0
0
0
0
0
0
0
0
0
0
0
0
0
0
0
0
0
0
0
0
0
0
0
0
0
0
0
0
0
0
0
0
0
0
0
0
0
0
0
0
0
0
0
0
0
0
0
0
0
0
0
0
0
0
0
0
0
0
0
0
0
0
0
0
0
0
0
0
0
0
0
0
0
0
0
0
0
0
0
0
0
0
0
0
0
0
0
0
0
0
0
0
0
0
0
0
0
0
0
0
0
0
0
0
0
0
0
0
0
0
0
0
0
0
0
0
0
0
0
0
0
0
0
0
0
0
0
0
0
0
0
0
0
0
0
0
0
0
0
0
0
0
0
0
0
0
0
0
0
0
0
0
0
0
0
0
0
0
0
0
0
0
0
0
0
0
0
0
0
0
0
0
0
0
0
0
0
0
0
0
0
0
0
0
0
0
0
0
0
0
0
0
0
0
0
0
0
0
0
0
0
0
0
0
0
0
0
0
0
0
0
0
0
0
0
0
0
0
0
0
0
0
0
0
0
0
0
0
0
0
0
0
0
0
0
0
0
0
0
0
0
0
0
0
0
0
0
0
0
0
0
0
0
0
0
0
0
0
0
0
0
0
0
0
0
0
0
0
0
0
0
0
0
0
0
0
0
0
0
0
0
0
0
0
0
0
0
0
0
0
0
0
0
0
0
0
0
0
0
0
0
0
0
0
0
0
0
0
0
0
0
0
0
0
0
0
0
0
0
0
0
0
0
0
0
0
0
0
0
0
0
0
0
0
0
0
0
0
0
0
0
0
0
0
0
0
0
0
0
0
0
0
0
0
0
0
0
0
0
0
0
0
0
0
0
0
0
0
0
0
0
0
0
0
0
0
0
0
0
0
0
0
0
0
0
0
0
0
0
0
0
0
0
0
0
0
0
0
0
0
0
0
0
0
0
0
0
0
0
0
0
0
0
0
0
0
0
0
0
0
0
0
0
0
0
0
0
0
0
0
0
0
0
0
0
0
0
0
0
0
0
0
0
0
0
0
0
0
0
0
0
0
0
0
0
0
0
0
0
0
0
0
0
0
0
0
0
0
0
0
0
0
0
0
0
0
0
0
0
0
0
0
0
0
0
0
0
0
0
0
0
0
0
0
0
0
0
0
0
0
0
0
0
0
0
0
0
0
0
0
0
0
0
0
0
0
0
0
0
0
0
0
0
0
0
0
0
0
0
0
0
0
0
0
0
0
0
0
0
0
0
0
0
0
0
0
0
0
0
0
0
0
0
0
0
0
0
0
0
0
0
0
0
0
0
0
0
0
0
0
0
0
0
0
0
0
0
0
0
0
0
0
0
0
0
0
0
0
0
0
0
0
0
0
0
0
0
0
0
0
0
0
0
0
0
0
0
0
0
0
0
0
0
0
0
0
0
0
0
0
0
0
0
0
0
0
0
0
0
0
0
0
0
0
0
0
0
0
0
0
0
0
0
0
0
0
0
0
0
0
0
0
0
0
0
0
0
0
0
0
0
0
0
0
0
0
0
0
0
0
0
0
0
0
0
0
0
0
0
0
0
0
0
0
0
0
0
0
0
0
0
0
0
0
0
0
0
0
0
0
0
0
0
0
0
0
0
0
0
0
0
0
0
0
0
0
0
0
0
0
0
0
0
0
0
0
0
0
0
0
0
0
0
0
0
0
0
0
0
0
0
0
0
0
0
0
0
0
0
0
0
0
0
0
0
0
0
0
0
0
0
0
0
0
0
0
0
0
0
0
0
0
0
0
0
0
0
0
0
0
0
0
0
0
0
0
0
0
0
0
0
0
0
0
0
0
0
0
0
0
0
0
0
0
0
0
0
0
0
0
0
0
0
0
0
0
0
0
0
0
0
0
0
0
0
0
0
0
0
0
0
0
0
0
0
0
0
0
0
0
0
0
0
0
0
0
0
0
0
0
0
0
0
0
0
0
0
0
0
0
0
0
0
0
0
0
0
0
0
0
0
0
0
0
0
0
0
0
0
0
0
0
0
0
0
0
0
0
0
0
0
0
0
0
0
0
0
0
0
0
0
0
0
0
0
0
0
0
0
0
0
0
0
0
0
0
0
0
0
0
0
0
0
0
0
0
0
0
0
0
0
0
0
0
0
0
0
0
0
0
0
0
0
0
0
0
0
0
0
0
0
0
0
0
0
0
0
0
0
0
0
0
0
0
0
0
0
0
0
0
0
0
0
0
0
0
0
0
0
0
0
0
0
0
0
0
0
0
0
0
0
0
0
0
0
0
0
0
0
0
0
0
0
0
0
0
0
0
0
0
0
0
0
0
0
0
0
0
0
0
0
0
0
0
0
0
0
0
0
0
0
0
0
0
0
0
0
0
0
0
0
0
0
0
0
0
0
0
0
0
0
0
0
0
0
0
0
0
0
0
0
0
0
0
0
0
0
0
0
0
0
0
0
0
0
0
0
0
0
0
0
0
0
0
0
0
0
0
0
0
0
0
0
0
0
0
0
0
0
0
0
0
0
0
0
0
0
0
0
0
0
0
0
0
0
0
0
0
0
0
0
0
0
0
0
0
0
0
0
0
0
0
0
0
0
0
0
0
0
0
0
0
0
0
0
0
0
0
0
0
0
0
0
0
0
0
0
0
0
0
0
0
0
0
0
0
0
0
0
0
0
0
0
0
0
0
0
0
0
0
0
0
0
0
0
0
0
0
0
0
0
0
0
0
0
0
0
0
0
0
0
0
0
0
0
0
0
0
0
0
0
0
0
0
0
0
0
0
0
0
0
0
0
0
0
0
0
0
0
0
0
0
0
0
0
0
0
0
0
0
0
0
0
0
0
0
0
0
0
0
0
0
0
0
0
0
0
0
0
0
0
0
0
0
0
0
0
0
0
0
0
0
0
0
0
0
0
0
0
0
0
0
0
0
0
0
0
0
0
0
0
0
0
0
0
0
0
0
0
0
0
0
0
0
0
0
0
0
0
0
0
0
0
0
0
0
0
0
0
0
0
0
0
0
0
0
0
0
0
0
0
0
0
0
0
0
0
0
0
0
0
0
0
0
0
0
0
0
0
0
0
0
0
0
0
0
0
0
0
0
0
0
0
0
0
0
0
0
0
0
0
0
0
0
0
0
0
0
0
0
0
0
0
0
0
0
0
0
0
0
0
0
0
0
0
0
0
0
0
0
0
0
0
0
0
0
0
0
0
0
0
0
0
0
0
0
0
0
0
0
0
0
0
0
0
0
0
0
0
0
0
0
0
0
0
0
0
0
0
0
0
0
0
0
0
0
0
0
0
0
0
0
0
0
0
0
0
0
0
0
0
0
0
0
0
0
0
0
0
0
0
0
0
0
0
0
0
0
0
0
0
0
0
0
0
0
0
0
0
0
0
0
0
0
0
0
0
0
0
0
0
0
0
0
0
0
0
0
0
0
0
0
0
0
0
0
0
0
0
0
0
0
0
0
0
0
0
0
0
0
0
0
0
0
0
0
0
0
0
0
0
0
0
0
0
0
0
0
0
0
0
0
0
0
0
0
0
0
0
0
0
0
0
0
0
0
0
0
0
0
0
0
0
0
0
0
0
0
0
0
0
0
0
0
0
0
0
0
0
0
0
0
0
0
0
0
0
0
0
0
0
0
0
0
0
0
0
0
0
0
0
0
0
0
0
0
0
0
0
0
0
0
0
0
0
0
0
0
0
0
0
0
0
0
0
0
0
0
0
0
0
0
0
0
0
0
0
0
0
0
0
0
0
0
0
0
0
0
0
0
0
0
0
0
0
0
0
0
0
0
0
0
0
0
0
0
0
0
0
0
0
0
0
0
0
0
0
0
0
0
0
0
0
0
0
0
0
0
0
0
0
0
0
0
0
0
0
0
0
0
0
0
0
0
0
0
0
0
0
0
0
0
0
0
0
0
0
0
0
0
0
0
0
0
0
0
0
0
0
0
0
0
0
0
0
0
0
0
0
0
0
0
0
0
0
0
0
0
0
0
0
0
0
0
0
0
0
0
0
0
0
0
0
0
0
0
0
0
0
0
0
0
0
0
0
0
0
0
0
0
0
0
0
0
0
0
0
0
0
0
0
0
0
0
0
0
0
0
0
0
0
0
0
0
0
0
0
0
0
0
0
0
0
0
0
0
0
0
0
0
0
0
0
0
0
0
0
0
0
0
0
0
0
0
0
0
0
0
0
0
0
0
0
0
0
0
0
0
0
0
0
0
0
0
0
0
0
0
0
0
0
0
0
0
0
0
0
0
0
0
0
0
0
0
0
0
0
0
0
0
0
0
0
0
0
0
0
0
0
0
0
0
0
0
0
0
0
0
0
0
0
0
0
0
0
0
0
0
0
0
0
0
0
0
0
0
0
0
0
0
0
0
0
0
0
0
0
0
0
0
0
0
0
0
0
0
0
0
0
0
0
0
0
0
0
0
0
0
0
0
0
0
0
0
0
0
0
0
0
0
0
0
0
0
0
0
0
0
0
0
0
0
0
0
0
0
0
0
0
0
0
0
0
0
0
0
0
0
0
0
0
0
0
0
0
0
0
0
0
0
0
0
0
0
0
0
0
0
0
0
0
0
0
0
0
0
0
0
0
0
0
0
0
0
0
0
0
0
0
0
0
0
0
0
0
0
0
0
0
0
0
0
0
0
0
0
0
0
0
0
0
0
0
0
0
0
0
0
0
0
0
0
0
0
0
0
0
0
0
0
0
0
0
0
0
0
0
0
0
0
0
0
0
0
0
0
0
0
0
0
0
0
0
0
0
0
0
0
0
0
0
0
0
0
0
0
0
0
0
0
0
0
0
0
0
0
0
0
0
0
0
0
0
0
0
0
0
0
0
0
0
0
0
0
0
0
0
0
0
0
0
0
0
0
0
0
0
0
0
0
0
0
0
0
0
0
0
0
0
0
0
0
0
0
0
0
0
0
0
0
0
0
0
0
0
0
0
0
0
0
0
0
0
0
0
0
0
0
0
0
0
0
0
0
0
0
0
0
0
0
0
0
0
0
0
0
0
0
0
0
0
0
0
0
0
0
0
0
0
0
0
0
0
0
0
0
0
0
0
0
0
0
0
0
0
0
0
0
0
0
0
0
0
0
0
0
0
0
0
0
0
0
0
0
0
0
0
0
0
0
0
0
0
0
0
0
0
0
0
0
0
0
0
0
0
0
0
0
0
0
0
0
0
0
0
0
0
0
0
0
0
0
0
0
0
0
0
0
0
0
0
0
0
0
0
0
0
0
0
0
0
0
0
0
0
0
0
0
0
0
0
0
0
0
0
0
0
0
0
0
0
0
0
0
0
0
0
0
0
0
0
0
0
0
0
0
0
0
0
0
0
0
0
0
0
0
0
0
0
0
0
0
0
0
0
0
0
0
0
0
0
0
0
0
0
0
0
0
0
0
0
0
0
0
0
0
0
0
0
0
0
0
0
0
0
0
0
0
0
0
0
0
0
0
0
0
0
0
0
0
0
0
0
0
0
0
0
0
0
0
0
0
0
0
0
0
0
0
0
0
0
0
0
0
0
0
0
0
0
0
0
0
0
0
0
0
0
0
0
0
0
0
0
0
0
0
0
0
0
0
0
0
0
0
0
0
0
0
0
0
0
0
0
0
0
0
0
0
0
0
0
0
0
0
0
0
0
0
0
0
0
0
0
0
0
0
0
0
0
0
0
0
0
0
0
0
0
0
0
0
0
0
0
0
0
0
0
0
0
0
0
0
0
0
0
0
0
0
0
0
0
0
0
0
0
0
0
0
0
0
0
0
0
0
0
0
0
0
0
0
0
0
0
0
0
0
0
0
0
0
0
0
0
0
0
0
0
0
0
0
0
0
0
0
0
0
0
0
0
0
0
0
0
0
0
0
0
0
0
0
0
0
0
0
0
0
0
0
0
0
0
0
0
0
0
0
0
0
0
0
0
0
0
0
0
0
0
0
0
0
0
0
0
0
0
0
0
0
0
0
0
0
0
0
0
0
0
0
0
0
0
0
0
0
0
0
0
0
0
0
0
0
0
0
0
0
0
0
0
0
0
0
0
0
0
0
0
0
0
0
0
0
0
0
0
0
0
0
0
0
0
0
0
0
0
0
0
0
0
0
0
0
0
0
0
0
0
0
0
0
0
0
0
0
0
0
0
0
0
0
0
0
0
0
0
0
0
0
0
0
0
0
0
0
0
0
0
0
0
0
0
0
0
0
0
0
0
0
0
0
0
0
0
0
0
0
0
0
0
0
0
0
0
0
0
0
0
0
0
0
0
0
0
0
0
0
0
0
0
0
0
0
0
0
0
0
0
0
0
0
0
0
0
0
0
0
0
0
0
0
0
0
0
0
0
0
0
0
0
0
0
0
0
0
0
0
0
0
0
0
0
0
0
0
0
0
0
0
0
0
0
0
0
0
0
0
0
0
0
0
0
0
0
0
0
0
0
0
0
0
0
0
0
0
0
0
0
0
0
0
0
0
0
0
0
0
0
0
0
0
0
0
0
0
0
0
0
0
0
0
0
0
0
0
0
0
0
0
0
0
0
0
0
0
0
0
0
0
0
0
0
0
0
0
0
0
0
0
0
0
0
0
0
0
0
0
0
0
0
0
0
0
0
0
0
0
0
0
0
0
0
0
0
0
0
0
0
0
0
0
0
0
0
0
0
0
0
0
0
0
0
0
0
0
0
0
0
0
0
0
0
0
0
0
0
0
0
0
0
0
0
0
0
0
0
0
0
0
0
0
0
0
0
0
0
0
0
0
0
0
0
0
0
0
0
0
0
0
0
0
0
0
0
0
0
0
0
0
0
0
0
0
0
0
0
0
0
0
0
0
0
0
0
0
0
0
0
0
0
0
0
0
0
0
0
0
0
0
0
0
0
0
0
0
0
0
0
0
0
0
0
0
0
0
0
0
0
0
0
0
0
0
0
0
0
0
0
0
0
0
0
0
0
0
0
0
0
0
0
0
0
0
0
0
0
0
0
0
0
0
0
0
0
0
0
0
0
0
0
0
0
0
0
0
0
0
0
0
0
0
0
0
0
0
0
0
0
0
0
0
0
0
0
0
0
0
0
0
0
0
0
0
0
0
0
0
0
0
0
0
0
0
0
0
0
0
0
0
0
0
0
0
0
0
0
0
0
0
0
0
0
0
0
0
0
0
0
0
0
0
0
0
0
0
0
0
0
0
0
0
0
0
0
0
0
0
0
0
0
0
0
0
0
0
0
0
0
0
0
0
0
0
0
0
0
0
0
0
0
0
0
0
0
0
0
0
0
0
0
0
0
0
0
0
0
0
0
0
0
0
0
0
0
0
0
0
0
0
0
0
0
0
0
0
0
0
0
0
0
0
0
0
0
0
0
0
0
0
0
0
0
0
0
0
0
0
0
0
0
0
0
0
0
0
0
0
0
0
0
0
0
0
0
0
0
0
0
0
0
0
0
0
0
0
0
0
0
0
0
0
0
0
0
0
0
0
0
0
0
0
0
0
0
0
0
0
0
0
0
0
0
0
0
0
0
0
0
0
0
0
0
0
0
0
0
0
0
0
0
0
0
0
0
0
0
0
0
0
0
0
0
0
0
0
0
0
0
0
0
0
0
0
0
0
0
0
0
0
0
0
0
0
0
0
0
0
0
0
0
0
0
0
0
0
0
0
0
0
0
0
0
0
0
0
0
0
0
0
0
0
0
0
0
0
0
0
0
0
0
0
0
0
0
0
0
0
0
0
0
0
0
0
0
0
0
0
0
0
0
0
0
0
0
0
0
0
0
0
0
0
0
0
0
0
0
0
0
0
0
0
0
0
0
0
0
0
0
0
0
0
0
0
0
0
0
0
0
0
0
0
0
0
0
0
0
0
0
0
0
0
0
0
0
0
0
0
0
0
0
0
0
0
0
0
0
0
0
0
0
0
0
0
0
0
0
0
0
0
0
0
0
0
0
0
0
0
0
0
0
0
0
0
0
0
0
0
0
0
0
0
0
0
0
0
0
0
0
0
0
0
0
0
0
0
0
0
0
0
0
0
0
0
0
0
0
0
0
0
0
0
0
0
0
0
0
0
0
0
0
0
0
0
0
0
0
0
0
0
0
0
0
0
0
0
0
0
0
0
0
0
0
0
0
0
0
0
0
0
0
0
0
0
0
0
0
0
0
0
0
0
0
0
0
0
0
0
0
0
0
0
0
0
0
0
0
0
0
0
0
0
0
0
0
0
0
0
0
0
0
0
0
0
0
0
0
0
0
0
0
0
0
0
0
0
0
0
0
0
0
0
0
0
0
0
0
0
0
0
0
0
0
0
0
0
0
0
0
0
0
0
0
0
0
0
0
0
0
0
0
0
0
0
0
0
0
0
0
0
0
0
0
0
0
0
0
0
0
0
0
0
0
0
0
0
0
0
0
0
0
0
0
0
0
0
0
0
0
0
0
0
0
0
0
0
0
0
0
0
0
0
0
0
0
0
0
0
0
0
0
0
0
0
0
0
0
0
0
0
0
0
0
0
0
0
0
0
0
0
0
0
0
0
0
0
0
0
0
0
0
0
0
0
0
0
0
0
0
0
0
0
0
0
0
0
0
0
0
0
0
0
0
0
0
0
0
0
0
0
0
0
0
0
0
0
0
0
0
0
0
0
0
0
0
0
0
0
0
0
0
0
0
0
0
0
0
0
0
0
0
0
0
0
0
0
0
0
0
0
0
0
0
0
0
0
0
0
0
0
0
0
0
0
0
0
0
0
0
0
0
0
0
0
0
0
0
0
0
0
0
0
0
0
0
0
0
0
0
0
0
0
0
0
0
0
0
0
0
0
0
0
0
0
0
0
0
0
0
0
0
0
0
0
0
0
0
0
0
0
0
0
0
0
0
0
0
0
0
0
0
0
0
0
0
0
0
0
0
0
0
0
0
0
0
0
0
0
0
0
0
0
0
0
0
0
0
0
0
0
0
0
0
0
0
0
0
0
0
0
0
0
0
0
0
0
0
0
0
0
0
0
0
0
0
0
0
0
0
0
0
0
0
0
0
0
0
0
0
0
0
0
0
0
0
0
0
0
0
0
0
0
0
0
0
0
0
0
0
0
0
0
0
0
0
0
0
0
0
0
0
0
0
0
0
0
0
0
0
0
0
0
0
0
0
0
0
0
0
0
0
0
0
0
0
0
0
0
0
0
0
0
0
0
0
0
0
0
0
0
0
0
0
0
0
0
0
0
0
0
0
0
0
0
0
0
0
0
0
0
0
0
0
0
0
0
0
0
0
0
0
0
0
0
0
0
0
0
0
0
0
0
0
0
0
0
0
0
0
0
0
0
0
0
0
0
0
0
0
0
0
0
0
0
0
0
0
0
0
0
0
0
0
0
0
0
0
0
0
0
0
0
0
0
0
0
0
0
0
0
0
0
0
0
0
0
0
0
0
0
0
0
0
0
0
0
0
0
0
0
0
0
0
0
0
0
0
0
0
0
0
0
0
0
0
0
0
0
0
0
0
0
0
0
0
0
0
0
0
0
0
0
0
0
0
0
0
0
0
0
0
0
0
0
0
0
0
0
0
0
0
0
0
0
0
0
0
0
0
0
0
0
0
0
0
0
0
0
0
0
0
0
0
0
0
0
0
0
0
0
0
0
0
0
0
0
0
0
0
0
0
0
0
0
0
0
0
0
0
0
0
0
0
0
0
0
0
0
0
0
0
0
0
0
0
0
0
0
0
0
0
0
0
0
0
0
0
0
0
0
0
0
0
0
0
0
0
0
0
0
0
0
0
0
0
0
0
0
0
0
0
0
0
0
0
0
0
0
0
0
0
0
0
0
0
0
0
0
0
0
0
0
0
0
0
0
0
0
0
0
0
0
0
0
0
0
0
0
0
0
0
0
0
0
0
0
0
0
0
0
0
0
0
0
0
0
0
0
0
0
0
0
0
0
0
0
0
0
0
0
0
0
0
0
0
0
0
0
0
0
0
0
0
0
0
0
0
0
0
0
0
0
0
0
0
0
0
0
0
0
0
0
0
0
0
0
0
0
0
0
0
0
0
0
0
0
0
0
0
0
0
0
0
0
0
0
0
0
0
0
0
0
0
0
0
0
0
0
0
0
0
0
0
0
0
0
0
0
0
0
0
0
0
0
0
0
0
0
0
0
0
0
0
0
0
0
0
0
0
0
0
0
0
0
0
0
0
0
0
0
0
0
0
0
0
0
0
0
0
0
0
0
0
0
0
0
0
0
0
0
0
0
0
0
0
0
0
0
0
0
0
0
0
0
0
0
0
0
0
0
0
0
0
0
0
0
0
0
0
0
0
0
0
0
0
0
0
0
0
0
0
0
0
0
0
0
0
0
0
0
0
0
0
0
0
0
0
0
0
0
0
0
0
0
0
0
0
0
0
0
0
0
0
0
0
0
0
0
0
0
0
0
0
0
0
0
0
0
0
0
0
0
0
0
0
0
0
0
0
0
0
0
0
0
0
0
0
0
0
0
0
0
0
0
0
0
0
0
0
0
0
0
0
0
0
0
0
0
0
0
0
0
0
0
0
0
0
0
0
0
0
0
0
0
0
0
0
0
0
0
0
0
0
0
0
0
0
0
0
0
0
0
0
0
0
0
0
0
0
0
0
0
0
0
0
0
0
0
0
0
0
0
0
0
0
0
0
0
0
0
0
0
0
0
0
0
0
0
0
0
0
0
0
0
0
0
0
0
0
0
0
0
0
0
0
0
0
0
0
0
0
0
0
0
0
0
0
0
0
0
0
0
0
0
0
0
0
0
0
0
0
0
0
0
0
0
0
0
0
0
0
0
0
0
0
0
0
0
0
0
0
0
0
0
0
0
0
0
0
0
0
0
0
0
0
0
0
0
0
0
0
0
0
0
0
0
0
0
0
0
0
0
0
0
0
0
0
0
0
0
0
0
0
0
0
0
0
0
0
0
0
0
0
0
0
0
0
0
0
0
0
0
0
0
0
0
0
0
0
0
0
0
0
0
0
0
0
0
0
0
0
0
0
0
0
0
0
0
0
0
0
0
0
0
0
0
0
0
0
0
0
0
0
0
0
0
0
0
0
0
0
0
0
0
0
0
0
0
0
0
0
0
0
0
0
0
0
0
0
0
0
0
0
0
0
0
0
0
0
0
0
0
0
0
0
0
0
0
0
0
0
0
0
0
0
0
0
0
0
0
0
0
0
0
0
0
0
0
0
0
0
0
0
0
0
0
0
0
0
0
0
0
0
0
0
0
0
0
0
0
0
0
0
0
0
0
0
0
0
0
0
0
0
0
0
0
0
0
0
0
0
0
0
0
0
0
0
0
0
0
0
0
0
0
0
0
0
0
0
0
0
0
0
0
0
0
0
0
0
0
0
0
0
0
0
0
0
0
0
0
0
0
0
0
0
0
0
0
0
0
0
0
0
0
0
0
0
0
0
0
0
0
0
0
0
0
0
0
0
0
0
0
0
0
0
0
0
0
0
0
0
0
0
0
0
0
0
0
0
0
0
0
0
0
0
0
0
0
0
0
0
0
0
0
0
0
0
0
0
0
0
0
0
0
0
0
0
0
0
0
0
0
0
0
0
0
0
0
0
0
0
0
0
0
0
0
0
0
0
0
0
0
0
0
0
0
0
0
0
0
0
0
0
0
0
0
0
0
0
0
0
0
0
0
0
0
0
0
0
0
0
0
0
0
0
0
0
0
0
0
0
0
0
0
0
0
0
0
0
0
0
0
0
0
0
0
0
0
0
0
0
0
0
0
0
0
0
0
0
0
0
0
0
0
0
0
0
0
0
0
0
0
0
0
0
0
0
0
0
0
0
0
0
0
0
0
0
0
0
0
0
0
0
0
0
0
0
0
0
0
0
0
0
0
0
0
0
0
0
0
0
0
0
0
0
0
0
0
0
0
0
0
0
0
0
0
0
0
0
0
0
0
0
0
0
0
0
0
0
0
0
0
0
0
0
0
0
0
0
0
0
0
0
0
0
0
0
0
0
0
0
0
0
0
0
0
0
0
0
0
0
0
0
0
0
0
0
0
0
0
0
0
0
0
0
0
0
0
0
0
0
0
0
0
0
0
0
0
0
0
0
0
0
0
0
0
0
0
0
0
0
0
0
0
0
0
0
0
0
0
0
0
0
0
0
0
0
0
0
0
0
0
0
0
0
0
0
0
0
0
0
0
0
0
0
0
0
0
0
0
0
0
0
0
0
0
0
0
0
0
0
0
0
0
0
0
0
0
0
0
0
0
0
0
0
0
0
0
0
0
0
0
0
0
0
0
0
0
0
0
0
0
0
0
0
0
0
0
0
0
0
0
0
0
0
0
0
0
0
0
0
0
0
0
0
0
0
0
0
0
0
0
0
0
0
0
0
0
0
0
0
0
0
0
0
0
0
0
0
0
0
0
0
0
0
0
0
0
0
0
0
0
0
0
0
0
0
0
0
0
0
0
0
0
0
0
0
0
0
0
0
0
0
0
0
0
0
0
0
0
0
0
0
0
0
0
0
0
0
0
0
0
0
0
0
0
0
0
0
0
0
0
0
0
0
0
0
0
0
0
0
0
0
0
0
0
0
0
0
0
0
0
0
0
0
0
0
0
0
0
0
0
0
0
0
0
0
0
0
0
0
0
0
0
0
0
0
0
0
0
0
0
0
0
0
0
0
0
0
0
0
0
0
0
0
0
0
0
0
0
0
0
0
0
0
0
0
0
0
0
0
0
0
0
0
0
0
0
0
0
0
0
0
0
0
0
0
0
0
0
0
0
0
0
0
0
0
0
0
0
0
0
0
0
0
0
0
0
0
0
0
0
0
0
0
0
0
0
0
0
0
0
0
0
0
0
0
0
0
0
0
0
0
0
0
0
0
0
0
0
0
0
0
0
0
0
0
0
0
0
0
0
0
0
0
0
0
0
0
0
0
0
0
0
0
0
0
0
0
0
0
0
0
0
0
0
0
0
0
0
0
0
0
0
0
0
0
0
0
0
0
0
0
0
0
0
0
0
0
0
0
0
0
0
0
0
0
0
0
0
0
0
0
0
0
0
0
0
0
0
0
0
0
0
0
0
0
0
0
0
0
0
0
0
0
0
0
0
0
0
0
0
0
0
0
0
0
0
0
0
0
0
0
0
0
0
0
0
0
0
0
0
0
0
0
0
0
0
0
0
0
0
0
0
0
0
0
0
0
0
0
0
0
0
0
0
0
0
0
0
0
0
0
0
0
0
0
0
0
0
0
0
0
0
0
0
0
0
0
0
0
0
0
0
0
0
0
0
0
0
0
0
0
0
0
0
0
0
0
0
0
0
0
0
0
0
0
0
0
0
0
0
0
0
0
0
0
0
0
0
0
0
0
0
0
0
0
0
0
0
0
0
0
0
0
0
0
0
0
0
0
0
0
0
0
0
0
0
0
0
0
0
0
0
0
0
0
0
0
0
0
0
0
0
0
0
0
0
0
0
0
0
0
0
0
0
0
0
0
0
0
0
0
0
0
0
0
0
0
0
0
0
0
0
0
0
0
0
0
0
0
0
0
0
0
0
0
0
0
0
0
0
0
0
0
0
0
0
0
0
0
0
0
0
0
0
0
0
0
0
0
0
0
0
0
0
0
0
0
0
0
0
0
0
0
0
0
0
0
0
0
0
0
0
0
0
0
0
0
0
0
0
0
0
0
0
0
0
0
0
0
0
0
0
0
0
0
0
0
0
0
0
0
0
0
0
0
0
0
0
0
0
0
0
0
0
0
0
0
0
0
0
0
0
0
0
0
0
0
0
0
0
0
0
0
0
0
0
0
0
0
0
0
0
0
0
0
0
0
0
0
0
0
0
0
0
0
0
0
0
0
0
0
0
0
0
0
0
0
0
0
0
0
0
0
0
0
0
0
0
0
0
0
0
0
0
0
0
0
0
0
0
0
0
0
0
0
0
0
0
0
0
0
0
0
0
0
0
0
0
0
0
0
0
0
0
0
0
0
0
0
0
0
0
0
0
0
0
0
0
0
0
0
0
0
0
0
0
0
0
0
0
0
0
0
0
0
0
0
0
0
0
0
0
0
0
0
0
0
0
0
0
0
0
0
0
0
0
0
0
0
0
0
0
0
0
0
0
0
0
0
0
0
0
0
0
0
0
0
0
0
0
0
0
0
0
0
0
0
0
0
0
0
0
0
0
0
0
0
0
0
0
0
0
0
0
0
0
0
0
0
0
0
0
0
0
0
0
0
0
0
0
0
0
0
0
0
0
0
0
0
0
0
0
0
0
0
0
0
0
0
0
0
0
0
0
0
0
0
0
0
0
0
0
0
0
0
0
0
0
0
0
0
0
0
0
0
0
0
0
0
0
0
0
0
0
0
0
0
0
0
0
0
0
0
0
0
0
0
0
0
0
0
0
0
0
0
0
0
0
0
0
0
0
0
0
0
0
0
0
0
0
0
0
0
0
0
0
0
0
0
0
0
0
0
0
0
0
0
0
0
0
0
0
0
0
0
0
0
0
0
0
0
0
0
0
0
0
0
0
0
0
0
0
0
0
0
0
0
0
0
0
0
0
0
0
0
0
0
0
0
0
0
0
0
0
0
0
0
0
0
0
0
0
0
0
0
0
0
0
0
0
0
0
0
0
0
0
0
0
0
0
0
0
0
0
0
0
0
0
0
0
0
0
0
0
0
0
0
0
0
0
0
0
0
0
0
0
0
0
0
0
0
0
0
0
0
0
0
0
0
0
0
0
0
0
0
0
0
0
0
0
0
0
0
0
0
0
0
0
0
0
0
0
0
0
0
0
0
0
0
0
0
0
0
0
0
0
0
0
0
0
0
0
0
0
0
0
0
0
0
0
0
0
0
0
0
0
0
0
0
0
0
0
0
0
0
0
0
0
0
0
0
0
0
0
0
0
0
0
0
0
0
0
0
0
0
0
0
0
0
0
0
0
0
0
0
0
0
0
0
0
0
0
0
0
0
0
0
0
0
0
0
0
0
0
0
0
0
0
0
0
0
0
0
0
0
0
0
0
0
0
0
0
0
0
0
0
0
0
0
0
0
0
0
0
0
0
0
0
0
0
0
0
0
0
0
0
0
0
0
0
0
0
0
0
0
0
0
0
0
0
0
0
0
0
0
0
0
0
0
0
0
0
0
0
0
0
0
0
0
0
0
0
0
0
0
0
0
0
0
0
0
0
0
0
0
0
0
0
0
0
0
0
0
0
0
0
0
0
0
0
0
0
0
0
0
0
0
0
0
0
0
0
0
0
0
0
0
0
0
0
0
0
0
0
0
0
0
0
0
0
0
0
0
0
0
0
0
0
0
0
0
0
0
0
0
0
0
0
0
0
0
0
0
0
0
0
0
0
0
0
0
0
0
0
0
0
0
0
0
0
0
0
0
0
0
0
0
0
0
0
0
0
0
0
0
0
0
0
0
0
0
0
0
0
0
0
0
0
0
0
0
0
0
0
0
0
0
0
0
0
0
0
0
0
0
0
0
0
0
0
0
0
0
0
0
0
0
0
0
0
0
0
0
0
0
0
0
0
0
0
0
0
0
0
0
0
0
0
0
0
0
0
0
0
0
0
0
0
0
0
0
0
0
0
0
0
0
0
0
0
0
0
0
0
0
0
0
0
0
0
0
0
0
0
0
0
0
0
0
0
0
0
0
0
0
0
0
0
0
0
0
0
0
0
0
0
0
0
0
0
0
0
0
0
0
0
0
0
0
0
0
0
0
0
0
0
0
0
0
0
0
0
0
0
0
0
0
0
0
0
0
0
0
0
0
0
0
0
0
0
0
0
0
0
0
0
0
0
0
0
0
0
0
0
0
0
0
0
0
0
0
0
0
0
0
0
0
0
0
0
0
0
0
0
0
0
0
0
0
0
0
0
0
0
0
0
0
0
0
0
0
0
0
0
0
0
0
0
0
0
0
0
0
0
0
0
0
0
0
0
0
0
0
0
0
0
0
0
0
0
0
0
0
0
0
0
0
0
0
0
0
0
0
0
0
0
0
0
0
0
0
0
0
0
0
0
0
0
0
0
0
0
0
0
0
0
0
0
0
0
0
0
0
0
0
0
0
0
0
0
0
0
0
0
0
0
0
0
0
0
0
0
0
0
0
0
0
0
0
0
0
0
0
0
0
0
0
0
0
0
0
0
0
0
0
0
0
0
0
0
0
0
0
0
0
0
0
0
0
0
0
0
0
0
0
0
0
0
0
0
0
0
0
0
0
0
0
0
0
0
0
0
0
0
0
0
0
0
0
0
0
0
0
0
0
0
0
0
0
0
0
0
0
0
0
0
0
0
0
0
0
0
0
0
0
0
0
0
0
0
0
0
0
0
0
0
0
0
0
0
0
0
0
0
0
0
0
0
0
0
0
0
0
0
0
0
0
0
0
0
0
0
0
0
0
0
0
0
0
0
0
0
0
0
0
0
0
0
0
0
0
0
0
0
0
0
0
0
0
0
0
0
0
0
0
0
0
0
0
0
0
0
0
0
0
0
0
0
0
0
0
0
0
0
0
0
0
0
0
0
0
0
0
0
0
0
0
0
0
0
0
0
0
0
0
0
0
0
0
0
0
0
0
0
0
0
0
0
0
0
0
0
0
0
0
0
0
0
0
0
0
0
0
0
0
0
0
0
0
0
0
0
0
0
0
0
0
0
0
0
0
0
0
0
0
0
0
0
0
0
0
0
0
0
0
0
0
0
0
0
0
0
0
0
0
0
0
0
0
0
0
0
0
0
0
0
0
0
0
0
0
0
0
0
0
0
0
0
0
0
0
0
0
0
0
0
0
0
0
0
0
0
0
0
0
0
0
0
0
0
0
0
0
0
0
0
0
0
0
0
0
0
0
0
0
0
0
0
0
0
0
0
0
0
0
0
0
0
0
0
0
0
0
0
0
0
0
0
0
0
0
0
0
0
0
0
0
0
0
0
0
0
0
0
0
0
0
0
0
0
0
0
0
0
0
0
0
0
0
0
0
0
0
0
0
0
0
0
0
0
0
0
0
0
0
0
0
0
0
0
0
0
0
0
0
0
0
0
0
0
0
0
0
0
0
0
0
0
0
0
0
0
0
0
0
0
0
0
0
0
0
0
0
0
0
0
0
0
0
0
0
0
0
0
0
0
0
0
0
0
0
0
0
0
0
0
0
0
0
0
0
0
0
0
0
0
0
0
0
0
0
0
0
0
0
0
0
0
0
0
0
0
0
0
0
0
0
0
0
0
0
0
0
0
0
0
0
0
0
0
0
0
0
0
0
0
0
0
0
0
0
0
0
0
0
0
0
0
0
0
0
0
0
0
0
0
0
0
0
0
0
0
0
0
0
0
0
0
0
0
0
0
0
0
0
0
0
0
0
0
0
0
0
0
0
0
0
0
0
0
0
0
0
0
0
0
0
0
0
0
0
0
0
0
0
0
0
0
0
0
0
0
0
0
0
0
0
0
0
0
0
0
0
0
0
0
0
0
0
0
0
0
0
0
0
0
0
0
0
0
0
0
0
0
0
0
0
0
0
0
0
0
0
0
0
0
0
0
0
0
0
0
0
0
0
0
0
0
0
0
0
0
0
0
0
0
0
0
0
0
0
0
0
0
0
0
0
0
0
0
0
0
0
0
0
0
0
0
0
0
0
0
0
0
0
0
0
0
0
0
0
0
0
0
0
0
0
0
0
0
0
0
0
0
0
0
0
0
0
0
0
0
0
0
0
0
0
0
0
0
0
0
0
0
0
0
0
0
0
0
0
0
0
0
0
0
0
0
0
0
0
0
0
0
0
0
0
0
0
0
0
0
0
0
0
0
0
0
0
0
0
0
0
0
0
0
0
0
0
0
0
0
0
0
0
0
0
0
0
0
0
0
0
0
0
0
0
0
0
0
0
0
0
0
0
0
0
0
0
0
0
0
0
0
0
0
0
0
0
0
0
0
0
0
0
0
0
0
0
0
0
0
0
0
0
0
0
0
0
0
0
0
0
0
0
0
0
0
0
0
0
0
0
0
0
0
0
0
0
0
0
0
0
0
0
0
0
0
0
0
0
0
0
0
0
0
0
0
0
0
0
0
0
0
0
0
0
0
0
0
0
0
0
0
0
0
0
0
0
0
0
0
0
0
0
0
0
0
0
0
0
0
0
0
0
0
0
0
0
0
0
0
0
0
0
0
0
0
0
0
0
0
0
0
0
0
0
0
0
0
0
0
0
0
0
0
0
0
0
0
0
0
0
0
0
0
0
0
0
0
0
0
0
0
0
0
0
0
0
0
0
0
0
0
0
0
0
0
0
0
0
0
0
0
0
0
0
0
0
0
0
0
0
0
0
0
0
0
0
0
0
0
0
0
0
0
0
0
0
0
0
0
0
0
0
0
0
0
0
0
0
0
0
0
0
0
0
0
0
0
0
0
0
0
0
0
0
0
0
0
0
0
0
0
0
0
0
0
0
0
0
0
0
0
0
0
0
0
0
0
0
0
0
0
0
0
0
0
0
0
0
0
0
0
0
0
0
0
0
0
0
0
0
0
0
0
0
0
0
0
0
0
0
0
0
0
0
0
0
0
0
0
0
0
0
0
0
0
0
0
0
0
0
0
0
0
0
0
0
0
0
0
0
0
0
0
0
0
0
0
0
0
0
0
0
0
0
0
0
0
0
0
0
0
0
0
0
0
0
0
0
0
0
0
0
0
0
0
0
0
0
0
0
0
0
0
0
0
0
0
0
0
0
0
0
0
0
0
0
0
0
0
0
0
0
0
0
0
0
0
0
0
0
0
0
0
0
0
0
0
0
0
0
0
0
0
0
0
0
0
0
0
0
0
0
0
0
0
0
0
0
0
0
0
0
0
0
0
0
0
0
0
0
0
0
0
0
0
0
0
0
0
0
0
0
0
0
0
0
0
0
0
0
0
0
0
0
0
0
0
0
0
0
0
0
0
0
0
0
0
0
0
0
0
0
0
0
0
0
0
0
0
0
0
0
0
0
0
0
0
0
0
0
0
0
0
0
0
0
0
0
0
0
0
0
0
0
0
0
0
0
0
0
0
0
0
0
0
0
0
0
0
0
0
0
0
0
0
0
0
0
0
0
0
0
0
0
0
0
0
0
0
0
0
0
0
0
0
0
0
0
0
0
0
0
0
0
0
0
0
0
0
0
0
0
0
0
0
0
0
0
0
0
0
0
0
0
0
0
0
0
0
0
0
0
0
0
0
0
0
0
0
0
0
0
0
0
0
0
0
0
0
0
0
0
0
0
0
0
0
0
0
0
0
0
0
0
0
0
0
0
0
0
0
0
0
0
0
0
0
0
0
0
0
0
0
0
0
0
0
0
0
0
0
0
0
0
0
0
0
0
0
0
0
0
0
0
0
0
0
0
0
0
0
0
0
0
0
0
0
0
0
0
0
0
0
0
0
0
0
0
0
0
0
0
0
0
0
0
0
0
0
0
0
0
0
0
0
0
0
0
0
0
0
0
0
0
0
0
0
0
0
0
0
0
0
0
0
0
0
0
0
0
0
0
0
0
0
0
0
0
0
0
0
0
0
0
0
0
0
0
0
0
0
0
0
0
0
0
0
0
0
0
0
0
0
0
0
0
0
0
0
0
0
0
0
0
0
0
0
0
0
0
0
0
0
0
0
0
0
0
0
0
0
0
0
0
0
0
0
0
0
0
0
0
0
0
0
0
0
0
0
0
0
0
0
0
0
0
0
0
0
0
0
0
0
0
0
0
0
0
0
0
0
0
0
0
0
0
0
0
0
0
0
0
0
0
0
0
0
0
0
0
0
0
0
0
0
0
0
0
0
0
0
0
0
0
0
0
0
0
0
0
0
0
0
0
0
0
0
0
0
0
0
0
0
0
0
0
0
0
0
0
0
0
0
0
0
0
0
0
0
0
0
0
0
0
0
0
0
0
0
0
0
0
0
0
0
0
0
0
0
0
0
0
0
0
0
0
0
0
0
0
0
0
0
0
0
0
0
0
0
0
0
0
0
0
0
0
0
0
0
0
0
0
0
0
0
0
0
0
0
0
0
0
0
0
0
0
0
0
0
0
0
0
0
0
0
0
0
0
0
0
0
0
0
0
0
0
0
0
0
0
0
0
0
0
0
0
0
0
0
0
0
0
0
0
0
0
0
0
0
0
0
0
0
0
0
0
0
0
0
0
0
0
0
0
0
0
0
0
0
0
0
0
0
0
0
0
0
0
0
0
0
0
0
0
0
0
0
0
0
0
0
0
0
0
0
0
0
0
0
0
0
0
0
0
0
0
0
0
0
0
0
0
0
0
0
0
0
0
0
0
0
0
0
0
0
0
0
0
0
0
0
0
0
0
0
0
0
0
0
0
0
0
0
0
0
0
0
0
0
0
0
0
0
0
0
0
0
0
0
0
0
0
0
0
0
0
0
0
0
0
0
0
0
0
0
0
0
0
0
0
0
0
0
0
0
0
0
0
0
0
0
0
0
0
0
0
0
0
0
0
0
0
0
0
0
0
0
0
0
0
0
0
0
0
0
0
0
0
0
0
0
0
0
0
0
0
0
0
0
0
0
0
0
0
0
0
0
0
0
0
0
0
0
0
0
0
0
0
0
0
0
0
0
0
0
0
0
0
0
0
0
0
0
0
0
0
0
0
0
0
0
0
0
0
0
0
0
0
0
0
0
0
0
0
0
0
0
0
0
0
0
0
0
0
0
0
0
0
0
0
0
0
0
0
0
0
0
0
0
0
0
0
0
0
0
0
0
0
0
0
0
0
0
0
0
0
0
0
0
0
0
0
0
0
0
0
0
0
0
0
0
0
0
0
0
0
0
0
0
0
0
0
0
0
0
0
0
0
0
0
0
0
0
0
0
0
0
0
0
0
0
0
0
0
0
0
0
0
0
0
0
0
0
0
0
0
0
0
0
0
0
0
0
0
0
0
0
0
0
0
0
0
0
0
0
0
0
0
0
0
0
0
0
0
0
0
0
0
0
0
0
0
0
0
0
0
0
0
0
0
0
0
0
0
0
0
0
0
0
0
0
0
0
0
0
0
0
0
0
0
0
0
0
0
0
0
0
0
0
0
0
0
0
0
0
0
0
0
0
0
0
0
0
0
0
0
0
0
0
0
0
0
0
0
0
0
0
0
0
0
0
0
0
0
0
0
0
0
0
0
0
0
0
0
0
0
0
0
0
0
0
0
0
0
0
0
0
0
0
0
0
0
0
0
0
0
0
0
0
0
0
0
0
0
0
0
0
0
0
0
0
0
0
0
0
0
0
0
0
0
0
0
0
0
0
0
0
0
0
0
0
0
0
0
0
0
0
0
0
0
0
0
0
0
0
0
0
0
0
0
0
0
0
0
0
0
0
0
0
0
0
0
0
0
0
0
0
0
0
0
0
0
0
0
0
0
0
0
0
0
0
0
0
0
0
0
0
0
0
0
0
0
0
0
0
0
0
0
0
0
0
0
0
0
0
0
0
0
0
0
0
0
0
0
0
0
0
0
0
0
0
0
0
0
0
0
0
0
0
0
0
0
0
0
0
0
0
0
0
0
0
0
0
0
0
0
0
0
0
0
0
0
0
0
0
0
0
0
0
0
0
0
0
0
0
0
0
0
0
0
0
0
0
0
0
0
0
0
0
0
0
0
0
0
0
0
0
0
0
0
0
0
0
0
0
0
0
0
0
0
0
0
0
0
0
0
0
0
0
0
0
0
0
0
0
0
0
0
0
0
0
0
0
0
0
0
0
0
0
0
0
0
0
0
0
0
0
0
0
0
0
0
0
0
0
0
0
0
0
0
0
0
0
0
0
0
0
0
0
0
0
0
0
0
0
0
0
0
0
0
0
0
0
0
0
0
0
0
0
0
0
0
0
0
0
0
0
0
0
0
0
0
0
0
0
0
0
0
0
0
0
0
0
0
0
0
0
0
0
0
0
0
0
0
0
0
0
0
0
0
0
0
0
0
0
0
0
0
0
0
0
0
0
0
0
0
0
0
0
0
0
0
0
0
0
0
0
0
0
0
0
0
0
0
0
0
0
0
0
0
0
0
0
0
0
0
0
0
0
0
0
0
0
0
0
0
0
0
0
0
0
0
0
0
0
0
0
0
0
0
0
0
0
0
0
0
0
0
0
0
0
0
0
0
0
0
0
0
0
0
0
0
0
0
0
0
0
0
0
0
0
0
0
0
0
0
0
0
0
0
0
0
0
0
0
0
0
0
0
0
0
0
0
0
0
0
0
0
0
0
0
0
0
0
0
0
0
0
0
0
0
0
0
0
0
0
0
0
0
0
0
0
0
0
0
0
0
0
0
0
0
0
0
0
0
0
0
0
0
0
0
0
0
0
0
0
0
0
0
0
0
0
0
0
0
0
0
0
0
0
0
0
0
0
0
0
0
0
0
0
0
0
0
0
0
0
0
0
0
0
0
0
0
0
0
0
0
0
0
0
0
0
0
0
0
0
0
0
0
0
0
0
0
0
0
0
0
0
0
0
0
0
0
0
0
0
0
0
0
0
0
0
0
0
0
0
0
0
0
0
0
0
0
0
0
0
0
0
0
0
0
0
0
0
0
0
0
0
0
0
0
0
0
0
0
0
0
0
0
0
0
0
0
0
0
0
0
0
0
0
0
0
0
0
0
0
0
0
0
0
0
0
0
0
0
0
0
0
0
0
0
0
0
0
0
0
0
0
0
0
0
0
0
0
0
0
0
0
0
0
0
0
0
0
0
0
0
0
0
0
0
0
0
0
0
0
0
0
0
0
0
0
0
0
0
0
0
0
0
0
0
0
0
0
0
0
0
0
0
0
0
0
0
0
0
0
0
0
0
0
0
0
0
0
0
0
0
0
0
0
0
0
0
0
0
0
0
0
0
0
0
0
0
0
0
0
0
0
0
0
0
0
0
0
0
0
0
0
0
0
0
0
0
0
0
0
0
0
0
0
0
0
0
0
0
0
0
0
0
0
0
0
0
0
0
0
0
0
0
0
0
0
0
0
0
0
0
0
0
0
0
0
0
0
0
0
0
0
0
0
0
0
0
0
0
0
0
0
0
0
0
0
0
0
0
0
0
0
0
0
0
0
0
0
0
0
0
0
0
0
0
0
0
0
0
0
0
0
0
0
0
0
0
0
0
0
0
0
0
0
0
0
0
0
0
0
0
0
0
0
0
0
0
0
0
0
0
0
0
0
0
0
0
0
0
0
0
0
0
0
0
0
0
0
0
0
0
0
0
0
0
0
0
0
0
0
0
0
0
0
0
0
0
0
0
0
0
0
0
0
0
0
0
0
0
0
0
0
0
0
0
0
0
0
0
0
0
0
0
0
0
0
0
0
0
0
0
0
0
0
0
0
0
0
0
0
0
0
0
0
0
0
0
0
0
0
0
0
0
0
0
0
0
0
0
0
0
0
0
0
0
0
0
0
0
0
0
0
0
0
0
0
0
0
0
0
0
0
0
0
0
0
0
0
0
0
0
0
0
0
0
0
0
0
0
0
0
0
0
0
0
0
0
0
0
0
0
0
0
0
0
0
0
0
0
0
0
0
0
0
0
0
0
0
0
0
0
0
0
0
0
0
0
0
0
0
0
0
0
0
0
0
0
0
0
0
0
0
0
0
0
0
0
0
0
0
0
0
0
0
0
0
0
0
0
0
0
0
0
0
0
0
0
0
0
0
0
0
0
0
0
0
0
0
0
0
0
0
0
0
0
0
0
0
0
0
0
0
0
0
0
0
0
0
0
0
0
0
0
0
0
0
0
0
0
0
0
0
0
0
0
0
0
0
0
0
0
0
0
0
0
0
0
0
0
0
0
0
0
0
0
0
0
0
0
0
0
0
0
0
0
0
0
0
0
0
0
0
0
0
0
0
0
0
0
0
0
0
0
0
0
0
0
0
0
0
0
0
0
0
0
0
0
0
0
0
0
0
0
0
0
0
0
0
0
0
0
0
0
0
0
0
0
0
0
0
0
0
0
0
0
0
0
0
0
0
0
0
0
0
0
0
0
0
0
0
0
0
0
0
0
0
0
0
0
0
0
0
0
0
0
0
0
0
0
0
0
0
0
0
0
0
0
0
0
0
0
0
0
0
0
0
0
0
0
0
0
0
0
0
0
0
0
0
0
0
0
0
0
0
0
0
0
0
0
0
0
0
0
0
0
0
0
0
0
0
0
0
0
0
0
0
0
0
0
0
0
0
0
0
0
0
0
0
0
0
0
0
0
0
0
0
0
0
0
0
0
0
0
0
0
0
0
0
0
0
0
0
0
0
0
0
0
0
0
0
0
0
0
0
0
0
0
0
0
0
0
0
0
0
0
0
0
0
0
0
0
0
0
0
0
0
0
0
0
0
0
0
0
0
0
0
0
0
0
0
0
0
0
0
0
0
0
0
0
0
0
0
0
0
0
0
0
0
0
0
0
0
0
0
0
0
0
0
0
0
0
0
0
0
0
0
0
0
0
0
0
0
0
0
0
0
0
0
0
0
0
0
0
0
0
0
0
0
0
0
0
0
0
0
0
0
0
0
0
0
0
0
0
0
0
0
0
0
0
0
0
0
0
0
0
0
0
0
0
0
0
0
0
0
0
0
0
0
0
0
0
0
0
0
0
0
0
0
0
0
0
0
0
0
0
0
0
0
0
0
0
0
0
0
0
0
0
0
0
0
0
0
0
0
0
0
0
0
0
0
0
0
0
0
0
0
0
0
0
0
0
0
0
0
0
0
0
0
0
0
0
0
0
0
0
0
0
0
0
0
0
0
0
0
0
0
0
0
0
0
0
0
0
0
0
0
0
0
0
0
0
0
0
0
0
0
0
0
0
0
0
0
0
0
0
0
0
0
0
0
0
0
0
0
0
0
0
0
0
0
0
0
0
0
0
0
0
0
0
0
0
0
0
0
0
0
0
0
0
0
0
0
0
0
0
0
0
0
0
0
0
0
0
0
0
0
0
0
0
0
0
0
0
0
0
0
0
0
0
0
0
0
0
0
0
0
0
0
0
0
0
0
0
0
0
0
0
0
0
0
0
0
0
0
0
0
0
0
0
0
0
0
0
0
0
0
0
0
0
0
0
0
0
0
0
0
0
0
0
0
0
0
0
0
0
0
0
0
0
0
0
0
0
0
0
0
0
0
0
0
0
0
0
0
0
0
0
0
0
0
0
0
0
0
0
0
0
0
0
0
0
0
0
0
0
0
0
0
0
0
0
0
0
0
0
0
0
0
0
0
0
0
0
0
0
0
0
0
0
0
0
0
0
0
0
0
0
0
0
0
0
0
0
0
0
0
0
0
0
0
0
0
0
0
0
0
0
0
0
0
0
0
0
0
0
0
0
0
0
0
0
0
0
0
0
0
0
0
0
0
0
0
0
0
0
0
0
0
0
0
0
0
0
0
0
0
0
0
0
0
0
0
0
0
0
0
0
0
0
0
0
0
0
0
0
0
0
0
0
0
0
0
0
0
0
0
0
0
0
0
0
0
0
0
0
0
0
0
0
0
0
0
0
0
0
0
0
0
0
0
0
0
0
0
0
0
0
0
0
0
0
0
0
0
0
0
0
0
0
0
0
0
0
0
0
0
0
0
0
0
0
0
0
0
0
0
0
0
0
0
0
0
0
0
0
0
0
0
0
0
0
0
0
0
0
0
0
0
0
0
0
0
0
0
0
0
0
0
0
0
0
0
0
0
0
0
0
0
0
0
0
0
0
0
0
0
0
0
0
0
0
0
0
0
0
0
0
0
0
0
0
0
0
0
0
0
0
0
0
0
0
0
0
0
0
0
0
0
0
0
0
0
0
0
0
0
0
0
0
0
0
0
0
0
0
0
0
0
0
0
0
0
0
0
0
0
0
0
0
0
0
0
0
0
0
0
0
0
0
0
0
0
0
0
0
0
0
0
0
0
0
0
0
0
0
0
0
0
0
0
0
0
0
0
0
0
0
0
0
0
0
0
0
0
0
0
0
0
0
0
0
0
0
0
0
0
0
0
0
0
0
0
0
0
0
0
0
0
0
0
0
0
0
0
0
0
0
0
0
0
0
0
0
0
0
0
0
0
0
0
0
0
0
0
0
0
0
0
0
0
0
0
0
0
0
0
0
0
0
0
0
0
0
0
0
0
0
0
0
0
0
0
0
0
0
0
0
0
0
0
0
0
0
0
0
0
0
0
0
0
0
0
0
0
0
0
0
0
0
0
0
0
0
0
0
0
0
0
0
0
0
0
0
0
0
0
0
0
0
0
0
0
0
0
0
0
0
0
0
0
0
0
0
0
0
0
0
0
0
0
0
0
0
0
0
0
0
0
0
0
0
0
0
0
0
0
0
0
0
0
0
0
0
0
0
0
0
0
0
0
0
0
0
0
0
0
0
0
0
0
0
0
0
0
0
0
0
0
0
0
0
0
0
0
0
0
0
0
0
0
0
0
0
0
0
0
0
0
0
0
0
0
0
0
0
0
0
0
0
0
0
0
0
0
0
0
0
0
0
0
0
0
0
0
0
0
0
0
0
0
0
0
0
0
0
0
0
0
0
0
0
0
0
0
0
0
0
0
0
0
0
0
0
0
0
0
0
0
0
0
0
0
0
0
0
0
0
0
0
0
0
0
0
0
0
0
0
0
0
0
0
0
0
0
0
0
0
0
0
0
0
0
0
0
0
0
0
0
0
0
0
0
0
0
0
0
0
0
0
0
0
0
0
0
0
0
0
0
0
0
0
0
0
0
0
0
0
0
0
0
0
0
0
0
0
0
0
0
0
0
0
0
0
0
0
0
0
0
0
0
0
0
0
0
0
0
0
0
0
0
0
0
0
0
0
0
0
0
0
0
0
0
0
0
0
0
0
0
0
0
0
0
0
0
0
0
0
0
0
0
0
0
0
0
0
0
0
0
0
0
0
0
0
0
0
0
0
0
0
0
0
0
0
0
0
0
0
0
0
0
0
0
0
0
0
0
0
0
0
0
0
0
0
0
0
0
0
0
0
0
0
0
0
0
0
0
0
0
0
0
0
0
0
0
0
0
0
0
0
0
0
0
0
0
0
0
0
0
0
0
0
0
0
0
0
0
0
0
0
0
0
0
0
0
0
0
0
0
0
0
0
0
0
0
0
0
0
0
0
0
0
0
0
0
0
0
0
0
0
0
0
0
0
0
0
0
0
0
0
0
0
0
0
0
0
0
0
0
0
0
0
0
0
0
0
0
0
0
0
0
0
0
0
0
0
0
0
0
0
0
0
0
0
0
0
0
0
0
0
0
0
0
0
0
0
0
0
0
0
0
0
0
0
0
0
0
0
0
0
0
0
0
0
0
0
0
0
0
0
0
0
0
0
0
0
0
0
0
0
0
0
0
0
0
0
0
0
0
0
0
0
0
0
0
0
0
0
0
0
0
0
0
0
0
0
0
0
0
0
0
0
0
0
0
0
0
0
0
0
0
0
0
0
0
0
0
0
0
0
0
0
0
0
0
0
0
0
0
0
0
0
0
0
0
0
0
0
0
0
0
0
0
0
0
0
0
0
0
0
0
0
0
0
0
0
0
0
0
0
0
0
0
0
0
0
0
0
0
0
0
0
0
0
0
0
0
0
0
0
0
0
0
0
0
0
0
0
0
0
0
0
0
0
0
0
0
0
0
0
0
0
0
0
0
0
0
0
0
0
0
0
0
0
0
0
0
0
0
0
0
0
0
0
0
0
0
0
0
0
0
0
0
0
0
0
0
0
0
0
0
0
0
0
0
0
0
0
0
0
0
0
0
0
0
0
0
0
0
0
0
0
0
0
0
0
0
0
0
0
0
0
0
0
0
0
0
0
0
0
0
0
0
0
0
0
0
0
0
0
0
0
0
0
0
0
0
0
0
0
0
0
0
0
0
0
0
0
0
0
0
0
0
0
0
0
0
0
0
0
0
0
0
0
0
0
0
0
0
0
0
0
0
0
0
0
0
0
0
0
0
0
0
0
0
0
0
0
0
0
0
0
0
0
0
0
0
0
0
0
0
0
0
0
0
0
0
0
0
0
0
0
0
0
0
0
0
0
0
0
0
0
0
0
0
0
0
0
0
0
0
0
0
0
0
0
0
0
0
0
0
0
0
0
0
0
0
0
0
0
0
0
0
0
0
0
0
0
0
0
0
0
0
0
0
0
0
0
0
0
0
0
0
0
0
0
0
0
0
0
0
0
0
0
0
0
0
0
0
0
0
0
0
0
0
0
0
0
0
0
0
0
0
0
0
0
0
0
0
0
0
0
0
0
0
0
0
0
0
0
0
0
0
0
0
0
0
0
0
0
0
0
0
0
0
0
0
0
0
0
0
0
0
0
0
0
0
0
0
0
0
0
0
0
0
0
0
0
0
0
0
0
0
0
0
0
0
0
0
0
0
0
0
0
0
0
0
0
0
0
0
0
0
0
0
0
0
0
0
0
0
0
0
0
0
0
0
0
0
0
0
0
0
0
0
0
0
0
0
0
0
0
0
0
0
0
0
0
0
0
0
0
0
0
0
0
0
0
0
0
0
0
0
0
0
0
0
0
0
0
0
0
0
0
0
0
0
0
0
0
0
0
0
0
0
0
0
0
0
0
0
0
0
0
0
0
0
0
0
0
0
0
0
0
0
0
0
0
0
0
0
0
0
0
0
0
0
0
0
0
0
0
0
0
0
0
0
0
0
0
0
0
0
0
0
0
0
0
0
0
0
0
0
0
0
0
0
0
0
0
0
0
0
0
0
0
0
0
0
0
0
0
0
0
0
0
0
0
0
0
0
0
0
0
0
0
0
0
0
0
0
0
0
0
0
0
0
0
0
0
0
0
0
0
0
0
0
0
0
0
0
0
0
0
0
0
0
0
0
0
0
0
0
0
0
0
0
0
0
0
0
0
0
0
0
0
0
0
0
0
0
0
0
0
0
0
0
0
0
0
0
0
0
0
0
0
0
0
0
0
0
0
0
0
0
0
0
0
0
0
0
0
0
0
0
0
0
0
0
0
0
0
0
0
0
0
0
0
0
0
0
0
0
0
0
0
0
0
0
0
0
0
0
0
0
0
0
0
0
0
0
0
0
0
0
0
0
0
0
0
0
0
0
0
0
0
0
0
0
0
0
0
0
0
0
0
0
0
0
0
0
0
0
0
0
0
0
0
0
0
0
0
0
0
0
0
0
0
0
0
0
0
0
0
0
0
0
0
0
0
0
0
0
0
0
0
0
0
0
0
0
0
0
0
0
0
0
0
0
0
0
0
0
0
0
0
0
0
0
0
0
0
0
0
0
0
0
0
0
0
0
0
0
0
0
0
0
0
0
0
0
0
0
0
0
0
0
0
0
0
0
0
0
0
0
0
0
0
0
0
0
0
0
0
0
0
0
0
0
0
0
0
0
0
0
0
0
0
0
0
0
0
0
0
0
0
0
0
0
0
0
0
0
0
0
0
0
0
0
0
0
0
0
0
0
0
0
0
0
0
0
0
0
0
0
0
0
0
0
0
0
0
0
0
0
0
0
0
0
0
0
0
0
0
0
0
0
0
0
0
0
0
0
0
0
0
0
0
0
0
0
0
0
0
0
0
0
0
0
0
0
0
0
0
0
0
0
0
0
0
0
0
0
0
0
0
0
0
0
0
0
0
0
0
0
0
0
0
0
0
0
0
0
0
0
0
0
0
0
0
0
0
0
0
0
0
0
0
0
0
0
0
0
0
0
0
0
0
0
0
0
0
0
0
0
0
0
0
0
0
0
0
0
0
0
0
0
0
0
0
0
0
0
0
0
0
0
0
0
0
0
0
0
0
0
0
0
0
0
0
0
0
0
0
0
0
0
0
0
0
0
0
0
0
0
0
0
0
0
0
0
0
0
0
0
0
0
0
0
0
0
0
0
0
0
0
0
0
0
0
0
0
0
0
0
0
0
0
0
0
0
0
0
0
0
0
0
0
0
0
0
0
0
0
0
0
0
0
0
0
0
0
0
0
0
0
0
0
0
0
0
0
0
0
0
0
0
0
0
0
0
0
0
0
0
0
0
0
0
0
0
0
0
0
0
0
0
0
0
0
0
0
0
0
0
0
0
0
0
0
0
0
0
0
0
0
0
0
0
0
0
0
0
0
0
0
0
0
0
0
0
0
0
0
0
0
0
0
0
0
0
0
0
0
0
0
0
0
0
0
0
0
0
0
0
0
0
0
0
0
0
0
0
0
0
0
0
0
0
0
0
0
0
0
0
0
0
0
0
0
0
0
0
0
0
0
0
0
0
0
0
0
0
0
0
0
0
0
0
0
0
0
0
0
0
0
0
0
0
0
0
0
0
0
0
0
0
0
0
0
0
0
0
0
0
0
0
0
0
0
0
0
0
0
0
0
0
0
0
0
0
0
0
0
0
0
0
0
0
0
0
0
0
0
0
0
0
0
0
0
0
0
0
0
0
0
0
0
0
0
0
0
0
0
0
0
0
0
0
0
0
0
0
0
0
0
0
0
0
0
0
0
0
0
0
0
0
0
0
0
0
0
0
0
0
0
0
0
0
0
0
0
0
0
0
0
0
0
0
0
0
0
0
0
0
0
0
0
0
0
0
0
0
0
0
0
0
0
0
0
0
0
0
0
0
0
0
0
0
0
0
0
0
0
0
0
0
0
0
0
0
0
0
0
0
0
0
0
0
0
0
0
0
0
0
0
0
0
0
0
0
0
0
0
0
0
0
0
0
0
0
0
0
0
0
0
0
0
0
0
0
0
0
0
0
0
0
0
0
0
0
0
0
0
0
0
0
0
0
0
0
0
0
0
0
0
0
0
0
0
0
0
0
0
0
0
0
0
0
0
0
0
0
0
0
0
0
0
0
0
0
0
0
0
0
0
0
0
0
0
0
0
0
0
0
0
0
0
0
0
0
0
0
0
0
0
0
0
0
0
0
0
0
0
0
0
0
0
0
0
0
0
0
0
0
0
0
0
0
0
0
0
0
0
0
0
0
0
0
0
0
0
0
0
0
0
0
0
0
0
0
0
0
0
0
0
0
0
0
0
0
0
0
0
0
0
0
0
0
0
0
0
0
0
0
0
0
0
0
0
0
0
0
0
0
0
0
0
0
0
0
0
0
0
0
0
0
0
0
0
0
0
0
0
0
0
0
0
0
0
0
0
0
0
0
0
0
0
0
0
0
0
0
0
0
0
0
0
0
0
0
0
0
0
0
0
0
0
0
0
0
0
0
0
0
0
0
0
0
0
0
0
0
0
0
0
0
0
0
0
0
0
0
0
0
0
0
0
0
0
0
0
0
0
0
0
0
0
0
0
0
0
0
0
0
0
0
0
0
0
0
0
0
0
0
0
0
0
0
0
0
0
0
0
0
0
0
0
0
0
0
0
0
0
0
0
0
0
0
0
0
0
0
0
0
0
0
0
0
0
0
0
0
0
0
0
0
0
0
0
0
0
0
0
0
0
0
0
0
0
0
0
0
0
0
0
0
0
0
0
0
0
0
0
0
0
0
0
0
0
0
0
0
0
0
0
0
0
0
0
0
0
0
0
0
0
0
0
0
0
0
0
0
0
0
0
0
0
0
0
0
0
0
0
0
0
0
0
0
0
0
0
0
0
0
0
0
0
0
0
0
0
0
0
0
0
0
0
0
0
0
0
0
0
0
0
0
0
0
0
0
0
0
0
0
0
0
0
0
0
0
0
0
0
0
0
0
0
0
0
0
0
0
0
0
0
0
0
0
0
0
0
0
0
0
0
0
0
0
0
0
0
0
0
0
0
0
0
0
0
0
0
0
0
0
0
0
0
0
0
0
0
0
0
0
0
0
0
0
0
0
0
0
0
0
0
0
0
0
0
0
0
0
0
0
0
0
0
0
0
0
0
0
0
0
0
0
0
0
0
0
0
0
0
0
0
0
0
0
0
0
0
0
0
0
0
0
0
0
0
0
0
0
0
0
0
0
0
0
0
0
0
0
0
0
0
0
0
0
0
0
0
0
0
0
0
0
0
0
0
0
0
0
0
0
0
0
0
0
0
0
0
0
0
0
0
0
0
0
0
0
0
0
0
0
0
0
0
0
0
0
0
0
0
0
0
0
0
0
0
0
0
0
0
0
0
0
0
0
0
0
0
0
0
0
0
0
0
0
0
0
0
0
0
0
0
0
0
0
0
0
0
0
0
0
0
0
0
0
0
0
0
0
0
0
0
0
0
0
0
0
0
0
0
0
0
0
0
0
0
0
0
0
0
0
0
0
0
0
0
0
0
0
0
0
0
0
0
0
0
0
0
0
0
0
0
0
0
0
0
0
0
0
0
0
0
0
0
0
0
0
0
0
0
0
0
0
0
0
0
0
0
0
0
0
0
0
0
0
0
0
0
0
0
0
0
0
0
0
0
0
0
0
0
0
0
0
0
0
0
0
0
0
0
0
0
0
0
0
0
0
0
0
0
0
0
0
0
0
0
0
0
0
0
0
0
0
0
0
0
0
0
0
0
0
0
0
0
0
0
0
0
0
0
0
0
0
0
0
0
0
0
0
0
0
0
0
0
0
0
0
0
0
0
0
0
0
0
0
0
0
0
0
0
0
0
0
0
0
0
0
0
0
0
0
0
0
0
0
0
0
0
0
0
0
0
0
0
0
0
0
0
0
0
0
0
0
0
0
0
0
0
0
0
0
0
0
0
0
0
0
0
0
0
0
0
0
0
0
0
0
0
0
0
0
0
0
0
0
0
0
0
0
0
0
0
0
0
0
0
0
0
0
0
0
0
0
0
0
0
0
0
0
0
0
0
0
0
0
0
0
0
0
0
0
0
0
0
0
0
0
0
0
0
0
0
0
0
0
0
0
0
0
0
0
0
0
0
0
0
0
0
0
0
0
0
0
0
0
0
0
0
0
0
0
0
0
0
0
0
0
0
0
0
0
0
0
0
0
0
0
0
0
0
0
0
0
0
0
0
0
0
0
0
0
0
0
0
0
0
0
0
0
0
0
0
0
0
0
0
0
0
0
0
0
0
0
0
0
0
0
0
0
0
0
0
0
0
0
0
0
0
0
0
0
0
0
0
0
0
0
0
0
0
0
0
0
0
0
0
0
0
0
0
0
0
0
0
0
0
0
0
0
0
0
0
0
0
0
0
0
0
0
0
0
0
0
0
0
0
0
0
0
0
0
0
0
0
0
0
0
0
0
0
0
0
0
0
0
0
0
0
0
0
0
0
0
0
0
0
0
0
0
0
0
0
0
0
0
0
0
0
0
0
0
0
0
0
0
0
0
0
0
0
0
0
0
0
0
0
0
0
0
0
0
0
0
0
0
0
0
0
0
0
0
0
0
0
0
0
0
0
0
0
0
0
0
0
0
0
0
0
0
0
0
0
0
0
0
0
0
0
0
0
0
0
0
0
0
0
0
0
0
0
0
0
0
0
0
0
0
0
0
0
0
0
0
0
0
0
0
0
0
0
0
0
0
0
0
0
0
0
0
0
0
0
0
0
0
0
0
0
0
0
0
0
0
0
0
0
0
0
0
0
0
0
0
0
0
0
0
0
0
0
0
0
0
0
0
0
0
0
0
0
0
0
0
0
0
0
0
0
0
0
0
0
0
0
0
0
0
0
0
0
0
0
0
0
0
0
0
0
0
0
0
0
0
0
0
0
0
0
0
0
0
0
0
0
0
0
0
0
0
0
0
0
0
0
0
0
0
0
0
0
0
0
0
0
0
0
0
0
0
0
0
0
0
0
0
0
0
0
0
0
0
0
0
0
0
0
0
0
0
0
0
0
0
0
0
0
0
0
0
0
0
0
0
0
0
0
0
0
0
0
0
0
0
0
0
0
0
0
0
0
0
0
0
0
0
0
0
0
0
0
0
0
0
0
0
0
0
0
0
0
0
0
0
0
0
0
0
0
0
0
0
0
0
0
0
0
0
0
0
0
0
0
0
0
0
0
0
0
0
0
0
0
0
0
0
0
0
0
0
0
0
0
0
0
0
0
0
0
0
0
0
0
0
0
0
0
0
0
0
0
0
0
0
0
0
0
0
0
0
0
0
0
0
0
0
0
0
0
0
0
0
0
0
0
0
0
0
0
0
0
0
0
0
0
0
0
0
0
0
0
0
0
0
0
0
0
0
0
0
0
0
0
0
0
0
0
0
0
0
0
0
0
0
0
0
0
0
0
0
0
0
0
0
0
0
0
0
0
0
0
0
0
0
0
0
0
0
0
0
0
0
0
0
0
0
0
0
0
0
0
0
0
0
0
0
0
0
0
0
0
0
0
0
0
0
0
0
0
0
0
0
0
0
0
0
0
0
0
0
0
0
0
0
0
0
0
0
0
0
0
0
0
0
0
0
0
0
0
0
0
0
0
0
0
0
0
0
0
0
0
0
0
0
0
0
0
0
0
0
0
0
0
0
0
0
0
0
0
0
0
0
0
0
0
0
0
0
0
0
0
0
0
0
0
0
0
0
0
0
0
0
0
0
0
0
0
0
0
0
0
0
0
0
0
0
0
0
0
0
0
0
0
0
0
0
0
0
0
0
0
0
0
0
0
0
0
0
0
0
0
0
0
0
0
0
0
0
0
0
0
0
0
0
0
0
0
0
0
0
0
0
0
0
0
0
0
0
0
0
0
0
0
0
0
0
0
0
0
0
0
0
0
0
0
0
0
0
0
0
0
0
0
0
0
0
0
0
0
0
0
0
0
0
0
0
0
0
0
0
0
0
0
0
0
0
0
0
0
0
0
0
0
0
0
0
0
0
0
0
0
0
0
0
0
0
0
0
0
0
0
0
0
0
0
0
0
0
0
0
0
0
0
0
0
0
0
0
0
0
0
0
0
0
0
0
0
0
0
0
0
0
0
0
0
0
0
0
0
0
0
0
0
0
0
0
0
0
0
0
0
0
0
0
0
0
0
0
0
0
0
0
0
0
0
0
0
0
0
0
0
0
0
0
0
0
0
0
0
0
0
0
0
0
0
0
0
0
0
0
0
0
0
0
0
0
0
0
0
0
0
0
0
0
0
0
0
0
0
0
0
0
0
0
0
0
0
0
0
0
0
0
0
0
0
0
0
0
0
0
0
0
0
0
0
0
0
0
0
0
0
0
0
0
0
0
0
0
0
0
0
0
0
0
0
0
0
0
0
0
0
0
0
0
0
0
0
0
0
0
0
0
0
0
0
0
0
0
0
0
0
0
0
0
0
0
0
0
0
0
0
0
0
0
0
0
0
0
0
0
0
0
0
0
0
0
0
0
0
0
0
0
0
0
0
0
0
0
0
0
0
0
0
0
0
0
0
0
0
0
0
0
0
0
0
0
0
0
0
0
0
0
0
0
0
0
0
0
0
0
0
0
0
0
0
0
0
0
0
0
0
0
0
0
0
0
0
0
0
0
0
0
0
0
0
0
0
0
0
0
0
0
0
0
0
0
0
0
0
0
0
0
0
0
0
0
0
0
0
0
0
0
0
0
0
0
0
0
0
0
0
0
0
0
0
0
0
0
0
0
0
0
0
0
0
0
0
0
0
0
0
0
0
0
0
0
0
0
0
0
0
0
0
0
0
0
0
0
0
0
0
0
0
0
0
0
0
0
0
0
0
0
0
0
0
0
0
0
0
0
0
0
0
0
0
0
0
0
0
0
0
0
0
0
0
0
0
0
0
0
0
0
0
0
0
0
0
0
0
0
0
0
0
0
0
0
0
0
0
0
0
0
0
0
0
0
0
0
0
0
0
0
0
0
0
0
0
0
0
0
0
0
0
0
0
0
0
0
0
0
0
0
0
0
0
0
0
0
0
0
0
0
0
0
0
0
0
0
0
0
0
0
0
0
0
0
0
0
0
0
0
0
0
0
0
0
0
0
0
0
0
0
0
0
0
0
0
0
0
0
0
0
0
0
0
0
0
0
0
0
0
0
0
0
0
0
0
0
0
0
0
0
0
0
0
0
0
0
0
0
0
0
0
0
0
0
0
0
0
0
0
0
0
0
0
0
0
0
0
0
0
0
0
0
0
0
0
0
0
0
0
0
0
0
0
0
0
0
0
0
0
0
0
0
0
0
0
0
0
0
0
0
0
0
0
0
0
0
0
0
0
0
0
0
0
0
0
0
0
0
0
0
0
0
0
0
0
0
0
0
0
0
0
0
0
0
0
0
0
0
0
0
0
0
0
0
0
0
0
0
0
0
0
0
0
0
0
0
0
0
0
0
0
0
0
0
0
0
0
0
0
0
0
0
0
0
0
0
0
0
0
0
0
0
0
0
0
0
0
0
0
0
0
0
0
0
0
0
0
0
0
0
0
0
0
0
0
0
0
0
0
0
0
0
0
0
0
0
0
0
0
0
0
0
0
0
0
0
0
0
0
0
0
0
0
0
0
0
0
0
0
0
0
0
0
0
0
0
0
0
0
0
0
0
0
0
0
0
0
0
0
0
0
0
0
0
0
0
0
0
0
0
0
0
0
0
0
0
0
0
0
0
0
0
0
0
0
0
0
0
0
0
0
0
0
0
0
0
0
0
0
0
0
0
0
0
0
0
0
0
0
0
0
0
0
0
0
0
0
0
0
0
0
0
0
0
0
0
0
0
0
0
0
0
0
0
0
0
0
0
0
0
0
0
0
